Survived,Pclass,Sex,Age,SibSp,Parch,Fare,Embarked
0.0,0.12832206480418293,male,0.9410284752306748,0.042774021601394305,0.0,0.3101116566101087,S
0.013182023235114792,0.013182023235114792,female,0.5009168829343621,0.013182023235114792,0.0,0.8651941858228183,C
0.0365439468786348,0.10963184063590439,female,0.9501426188445048,0.0,0.0,0.2896107790131808,S
0.015718122527190743,0.015718122527190743,female,0.550134288451676,0.015718122527190743,0.0,0.8346323061938286,S
0.0,0.08324337824612717,male,0.971172746204817,0.0,0.0,0.22336973162710794,S
0.0,0.11294306275090381,male,0.941192189590865,0.0,0.0,0.3184354358886565,Q
0.0,0.01335505276985016,male,0.7211728495719086,0.0,0.0,0.6926264242763539,S
0.0,0.13880031874681575,male,0.09253354583121051,0.13880031874681575,0.046266772915605256,0.9750722391963808,S
0.03396275264739221,0.10188825794217662,female,0.9169943214795896,0.0,0.06792550529478442,0.3781175140492117,S
0.030065800181188592,0.060131600362377184,female,0.4209212025366403,0.030065800181188592,0.0,0.9041026640884858,C
0.057083242109231984,0.17124972632769594,female,0.22833296843692794,0.057083242109231984,0.057083242109231984,0.9532901432241742,S
0.015673090796253564,0.015673090796253564,female,0.9090392661827067,0.0,0.0,0.41612056064053216,S
0.0,0.13782327982726483,male,0.9188218655150988,0.0,0.0,0.3698258008698273,S
0.0,0.059594637782969945,male,0.7747302911786094,0.01986487926098998,0.09932439630494991,0.6212740988874617,S
0.0,0.18370422506106301,female,0.857286383618294,0.0,0.0,0.4809499081582003,S
0.017444809066301296,0.03488961813260259,female,0.9594644986465712,0.0,0.0,0.27911694506082074,S
0.0,0.10122978448306395,male,0.0674865229887093,0.1349730459774186,0.03374326149435465,0.9827724910230792,Q
0.030513909884867668,0.061027819769735335,male,0.91541729654603,0.0,0.0,0.3966808285032797,S
0.0,0.08336550215650926,female,0.8614435222839291,0.02778850071883642,0.0,0.5001930129390556,S
0.04366643092770762,0.13099929278312286,female,0.9388282649457138,0.0,0.0,0.31548996345268754,C
0.0,0.04582289310823138,male,0.8019006293940492,0.0,0.0,0.595697610407008,S
0.027420424855354085,0.05484084971070817,male,0.932294445082039,0.0,0.0,0.3564655231196031,S
0.057786281749805046,0.17335884524941514,female,0.8667942262470757,0.0,0.0,0.4639776134255347,Q
0.022106533860835276,0.022106533860835276,male,0.6189829481033877,0.0,0.0,0.7847819520596523,S
0.0,0.13066276139253272,female,0.3484340303800872,0.13066276139253272,0.0435542537975109,0.9179058987825423,S
0.020140771801025747,0.06042231540307724,female,0.7653493284389784,0.020140771801025747,0.10070385900512874,0.6321684749046956,S
0.0,0.11452378687274918,male,0.9543648906062432,0.0,0.0,0.27581145338520424,C
0.0,0.014613146635172729,male,0.27764978606828183,0.04383943990551819,0.029226293270345458,0.959125111511581,S
0.04326079461499818,0.12978238384499455,female,0.9301070842224609,0.0,0.0,0.34086045293049366,Q
0.0,0.11368664298662237,male,0.9473886915551865,0.0,0.0,0.29921566523125764,S
0.0,0.020543616056100784,male,0.8217446422440313,0.0,0.0,0.5694854719679586,C
0.013440235653314321,0.013440235653314321,female,0.4704082478660013,0.013440235653314321,0.0,0.8821418029638934,C
0.043342770443029095,0.1300283113290873,female,0.9318695645251255,0.0,0.0,0.3359064709334755,Q
0.0,0.02991328369024448,male,0.9871383617780678,0.0,0.0,0.15704473937378352,S
0.0,0.014011217704404555,male,0.39231409572332754,0.014011217704404555,0.0,0.9196178672979703,C
0.0,0.014957060089885258,male,0.6281965237751809,0.014957060089885258,0.0,0.7777671246740335,S
0.03814512523279983,0.11443537569839948,male,0.9536281308199956,0.0,0.0,0.27575873933295647,C
0.0,0.13222115028757447,male,0.9255480520130213,0.0,0.0,0.35479341993832486,S
0.0,0.1166864762376621,female,0.7001188574259726,0.07779098415844139,0.0,0.7001188574259726,S
0.054768765539487896,0.1643062966184637,female,0.7667627175528305,0.054768765539487896,0.0,0.615694031565261,C
0.0,0.07276548965663525,female,0.9702065287551366,0.024255163218878415,0.0,0.22981767149887297,S
0.0,0.05834599659915782,female,0.7876709540886306,0.02917299829957891,0.0,0.6126329642911571,S
0.0,0.11368664298662237,male,0.9473886915551865,0.0,0.0,0.29921566523125764,C
0.023919407690551953,0.047838815381103905,female,0.07175822307165586,0.023919407690551953,0.047838815381103905,0.9945498362469977,C
0.04805239485765116,0.14415718457295346,female,0.912995502295372,0.0,0.0,0.378614429562405,Q
0.0,0.1134864549035149,male,0.9457204575292908,0.0,0.0,0.3045219873244317,S
0.0,0.10140402531267877,male,0.845033544272323,0.03380134177089292,0.0,0.5239207974488402,Q
0.043342770443029095,0.1300283113290873,female,0.9318695645251255,0.0,0.0,0.3359064709334755,Q
0.0,0.09012676495857211,male,0.7510563746547675,0.060084509972381406,0.0,0.6512920542966255,C
0.0,0.11759372197987947,female,0.7055623318792767,0.03919790732662649,0.0,0.6977227504139515,S
0.0,0.07385270911126236,male,0.17232298792627884,0.09847027881501648,0.02461756970375412,0.9770097976177416,S
0.0,0.13273296830047474,male,0.9291307781033231,0.0,0.0,0.34510571758123426,S
0.012206132710828752,0.012206132710828752,female,0.5981005028306089,0.012206132710828752,0.0,0.8011421967956186,C
0.025624184243056937,0.051248368486113874,female,0.7431013430486512,0.025624184243056937,0.0,0.6662287903194803,S
0.0,0.011132833610027352,male,0.7236341846517779,0.0,0.011132833610027352,0.6900041208826072,C
0.018691588785046728,0.018691588785046728,male,0.7476635514018691,0.0,0.0,0.6635514018691588,S
0.0423999152002544,0.0847998304005088,female,0.8903982192053423,0.0,0.0,0.4451991096026712,S
0.0,0.10150489419512686,male,0.9642964948537052,0.0,0.0,0.24459972703847035,C
0.035244000701338,0.070488001402676,female,0.17622000350669,0.035244000701338,0.070488001402676,0.9780210194621295,S
0.0,0.06177221679319346,male,0.22649812824170937,0.10295369465532243,0.04118147786212897,0.9657056558669245,S
0.0,0.12847508224826826,male,0.9421506031539673,0.0,0.0,0.3095906881963936,C
0.01318316867638426,0.01318316867638426,female,0.5009604097026019,0.0,0.0,0.8652693661732751,S
0.0,0.012564088692180288,male,0.565383991148113,0.012564088692180288,0.0,0.8246364228580378,S
0.0,0.10499463228663301,male,0.13999284304884402,0.10499463228663301,0.06999642152442201,0.9764500802656869,S
0.0,0.020543616056100784,male,0.8217446422440313,0.0,0.0,0.5694854719679586,C
0.03391420069373622,0.10174260208120867,male,0.8478550173434055,0.03391420069373622,0.03391420069373622,0.5170491209365636,C
0.03233808333817773,0.06467616667635546,female,0.9378044168071542,0.0,0.0,0.33954987505086615,S
0.0,0.1435821160000881,male,0.9093534013338914,0.0,0.0,0.39046199232117296,S
0.05117747311317699,0.15353241933953096,female,0.8700170429240088,0.20470989245270796,0.10235494622635398,0.4055814744219276,S
0.0,0.10853342732861478,male,0.9406230368479948,0.07235561821907652,0.0,0.31339027141137515,S
0.0,0.05928040556235393,male,0.9484864889976629,0.0,0.0,0.31122212920235814,S
0.0,0.06007682730936242,female,0.32040974564993285,0.10012804551560403,0.04005121820624161,0.9392010669363657,S
0.0,0.029010273545824205,male,0.30460787223115415,0.0,0.0,0.9520359490080221,S
0.0,0.10028320422936873,male,0.8691211033211957,0.03342773474312291,0.0,0.4831711635240472,C
0.015383203803511051,0.04614961141053315,male,0.49226252171235363,0.0,0.0,0.8690864054423997,S
0.0,0.11399985807026505,male,0.9499988172522088,0.0,0.0,0.2906996380791759,S
0.0,0.11368664298662237,male,0.9473886915551865,0.0,0.0,0.29921566523125764,S
0.0,0.1134864549035149,male,0.9457204575292908,0.0,0.0,0.3045219873244317,S
0.034285826015706504,0.06857165203141301,male,0.028457235593036395,0.0,0.06857165203141301,0.9942889544554886,S
0.030633574259247804,0.09190072277774342,female,0.9190072277774342,0.0,0.0,0.38215383888411636,S
0.0,0.12521758066945235,male,0.9182622582426505,0.0,0.0,0.375652742008357,S
0.03259473881889497,0.09778421645668492,male,0.9452474257479542,0.0,0.0,0.30965001877950227,S
0.043319068930076254,0.12995720679022876,female,0.9313599819966395,0.0,0.0,0.33734724929296883,Q
0.0,0.01824705112136868,male,0.510917431398323,0.0,0.0,0.8594361078164647,S
0.04973647313019938,0.09947294626039876,female,0.8455200432133895,0.0,0.0,0.5222329678670935,S
0.027124061629122943,0.08137218488736883,female,0.8950940337610571,0.08137218488736883,0.0,0.4299163768215986,S
0.0,0.07860407216487607,male,0.4192217182126724,0.026201357388292025,0.07860407216487607,0.9006716602225383,S
0.0,0.1134864549035149,male,0.9457204575292908,0.0,0.0,0.3045219873244317,S
0.014356389159383682,0.014356389159383682,female,0.33019695066582466,0.043069167478151045,0.028712778318767364,0.9422729886426523,S
0.0,0.11768756189778691,male,0.9415004951822953,0.0,0.0,0.3157949577590616,S
0.0,0.09918764599143957,male,0.9588139112505826,0.0,0.0,0.2661535167436962,S
0.0,0.13827844289149932,male,0.9218562859433287,0.0,0.0,0.3620221820528046,S
0.0,0.01306282437843368,male,0.6008899214079493,0.01306282437843368,0.0,0.7991182813506803,S
0.0,0.08991024413485081,male,0.7792221158353737,0.029970081378283605,0.05994016275656721,0.6166344243581852,S
0.0,0.05040370884134984,male,0.9912729405465469,0.0,0.0,0.12180896303326212,S
0.0,0.1134864549035149,male,0.9457204575292908,0.0,0.0,0.3045219873244317,S
0.0,0.012656287699649304,male,0.8985964266751005,0.0,0.0,0.43859352520118694,C
0.014831059870884135,0.014831059870884135,male,0.3411143770303351,0.0,0.014831059870884135,0.9396707406174383,C
0.024318019154289876,0.04863603830857975,female,0.8268126512458557,0.0,0.024318019154289876,0.5593144405486671,S
0.0,0.04666329666137581,male,0.7932760432433887,0.023331648330687904,0.0,0.6066228565978855,S
0.0,0.10257722239877952,female,0.9573874090552755,0.0,0.0,0.26997641087209445,S
0.0,0.11368664298662237,male,0.9473886915551865,0.0,0.0,0.29921566523125764,S
0.0,0.014508189602581786,male,0.3046719816542175,0.0,0.014508189602581786,0.952236319651694,S
0.0,0.08759748842929956,male,0.963572372722295,0.0,0.0,0.25269539478828135,S
0.0,0.07892535478780445,male,0.9734127090495882,0.05261690319186963,0.0,0.20849447889778341,S
0.0,0.10257722239877952,male,0.9573874090552755,0.0,0.0,0.26997641087209445,S
0.04430148831079522,0.13290446493238567,female,0.9303312545266997,0.0,0.0,0.33890638557758346,S
0.03791987081510752,0.11375961244532257,male,0.947996770377688,0.0,0.0,0.294826995587461,S
0.0,0.07706650906912763,male,0.9761757815422833,0.0,0.0,0.20283391410267265,S
0.0307659904982605,0.0922979714947815,female,0.6614687957126008,0.0307659904982605,0.0,0.742998670532991,Q
0.0,0.014265349750363764,male,0.6704714382670969,0.0,0.0,0.7417981870189158,S
0.0,0.14481201765335913,female,0.6999247519912357,0.048270672551119706,0.0,0.6977139551883945,C
0.0,0.1270226083490961,male,0.9314991278933713,0.0,0.0,0.3408439990700745,S
0.0,0.13329639395731738,female,0.8886426263821159,0.0444321313191058,0.0,0.4365456902102144,S
0.0,0.1332291015912234,female,0.7549649090169326,0.0,0.0,0.6420887731787951,C
0.0,0.13247833601472095,male,0.9273483521030466,0.0,0.0,0.3499636043055545,S
0.0,0.04226059519179014,male,0.9931239870070682,0.0,0.0,0.10917320424545784,Q
0.0,0.05574946733380605,male,0.8083672763401877,0.027874733666903025,0.0,0.5853694070049635,S
0.0,0.014306350073788932,male,0.3433524017709344,0.0,0.014306350073788932,0.9389887032830923,C
0.0,0.09434495817497612,female,0.06289663878331742,0.12579327756663483,0.06289663878331742,0.9835461889741262,S
0.0,0.028998073781069184,male,0.30447977470122645,0.028998073781069184,0.0,0.9516355868881037,S
0.0,0.1134864549035149,male,0.9457204575292908,0.0,0.0,0.3045219873244317,S
0.0,0.045112109812971944,male,0.733071784460794,0.022556054906485972,0.0,0.6782786158819584,C
0.028510400174428907,0.057020800348857814,female,0.9265880056689395,0.0,0.0,0.3706352022675758,S
0.0,0.011763993988203691,male,0.6352556753629993,0.0,0.011763993988203691,0.7721226870193563,S
0.059615146292707026,0.17884543887812107,male,0.7153817555124843,0.059615146292707026,0.0,0.6701755900787246,C
0.0,0.11387331523477047,male,0.9489442936230872,0.0,0.0,0.29417273102315705,Q
0.03962132195445863,0.1188639658633759,male,0.9509117269070072,0.0,0.0,0.28296359500215723,S
0.03203970538064353,0.09611911614193058,female,0.6888536656838359,0.03203970538064353,0.03203970538064353,0.7163533448120423,C
0.0,0.06573747886909846,male,0.9860621830364769,0.0,0.0,0.1528396383706539,S
0.0,0.0880699882362468,male,0.9687698705987148,0.0,0.0,0.2317943377052525,C
0.0,0.14007340992134365,male,0.9338227328089576,0.0,0.0,0.3291725133151575,S
0.0,0.06086745579580297,female,0.9535901408009132,0.020289151931934323,0.0,0.2941927030130477,S
0.025624184243056937,0.051248368486113874,female,0.7431013430486512,0.025624184243056937,0.0,0.6662287903194803,S
0.0,0.07079923254047886,male,0.8849904067559858,0.0,0.0,0.46019501151311265,S
0.0,0.07257742140667718,male,0.8346403461767875,0.0,0.0,0.5459926835002917,C
0.030746506998255606,0.030746506998255606,female,0.5841836329668566,0.0,0.06149301399651121,0.8081196673872516,S
0.0,0.015447612883118998,male,0.5715616766754029,0.015447612883118998,0.0,0.8202682440936188,S
0.0,0.16036875976290177,male,0.8553000520688093,0.0,0.0,0.49269024936891215,S
0.0,0.014307814350719702,male,0.34338754441727287,0.0,0.0,0.9390848102208772,C
0.0,0.11277204038217269,female,0.8081996227389042,0.0,0.0751813602547818,0.573099991086176,C
0.04248353252514441,0.12745059757543323,female,0.9346377155531771,0.0,0.0,0.3292473770698692,S
0.03453984170632331,0.10361952511896992,female,0.8289562009517594,0.03453984170632331,0.0,0.5474564910452244,S
0.0,0.1471645068929188,male,0.9320418769884857,0.0,0.0,0.3311201405090673,Q
0.0,0.09322515134350869,male,0.8390263620915781,0.0,0.0,0.536044620225175,S
0.0,0.04825848912741933,male,0.4584556467104836,0.024129244563709663,0.024129244563709663,0.8867497377163301,S
0.03536032305825948,0.10608096917477844,male,0.9547287225730059,0.0,0.0,0.2756620064975792,S
0.0,0.08386432292842985,female,0.25159296878528953,0.05590954861895323,0.05590954861895323,0.9609453668882586,S
0.0,0.044540778699321944,male,0.8128692112626255,0.0,0.044540778699321944,0.5790301230911853,S
0.0,0.04544281070658831,male,0.9542990248383544,0.0,0.0,0.295378269592824,S
0.0,0.038056420495315095,male,0.9704387226305349,0.0,0.0,0.23832833335191078,S
0.014441469234984678,0.014441469234984678,female,0.3177123231696629,0.014441469234984678,0.0,0.9478571683566783,S
0.0,0.05341789815193288,male,0.9882311158107583,0.0,0.0,0.14333802670768658,S
0.0,0.06949547956259526,male,0.938188974095036,0.0,0.04633031970839684,0.3358948178858771,S
0.0,0.11441778608579635,male,0.9534815507149695,0.0,0.0,0.2788933535841286,S
0.0,0.012529000816882912,male,0.6389790416610286,0.0,0.012529000816882912,0.7690200469396197,C
0.05540154056119813,0.16620462168359437,female,0.8864246489791701,0.0,0.0,0.4284367336219135,Q
0.0,0.09613594775369944,male,0.9613594775369944,0.0,0.0,0.2579647931390935,S
0.0,0.11266427375462876,male,0.9388689479552396,0.0,0.0,0.3253180904664905,S
0.0,0.04238457502105199,male,0.3532047918420999,0.11302553338947198,0.028256383347367995,0.927295383587245,S
0.0,0.06388461444792455,male,0.9369743452362268,0.0,0.021294871482641517,0.34284743087052844,S
0.023230307910988037,0.046460615821976074,female,0.9292123164395215,0.0,0.0,0.36587734959806156,S
0.0,0.10987827003831527,male,0.9522783403320657,0.0,0.0,0.2847678498493004,S
0.0,0.15532601139398594,male,0.880180731232587,0.0,0.0,0.44850385790013436,S
0.0,0.07495088447050723,male,0.02498362815683574,0.09993451262734296,0.02498362815683574,0.9915377424744184,S
0.04401079254958105,0.13203237764874315,male,0.39609713294622945,0.0,0.0880215850991621,0.903321517080151,S
0.0153338887709197,0.0153338887709197,female,0.5366861069821894,0.0,0.0153338887709197,0.8433638824005835,S
0.0,0.056399247909763875,female,0.8459887186464582,0.018799749303254627,0.07519899721301851,0.524513005560804,S
0.0,0.02097443117684238,male,0.8389772470736951,0.0,0.0,0.5437621282596387,S
0.0,0.04752469407884757,male,0.44356381140257733,0.0,0.0,0.8949818705799188,S
0.0,0.014367682623465156,male,0.8764286400313744,0.0,0.0,0.4813173678860827,S
0.0,0.10054522547698597,male,0.1340603006359813,0.1340603006359813,0.03351507515899532,0.9761265640057388,Q
0.08545124542252328,0.2563537362675698,female,0.08545124542252328,0.08545124542252328,0.08545124542252328,0.9513543506625783,S
0.0,0.13247833601472095,male,0.9273483521030466,0.0,0.0,0.3499636043055545,S
0.0,0.015657080689952883,male,0.8767965186373615,0.0,0.0,0.4806066174426557,C
0.0,0.15062479632916867,male,0.903748777975012,0.05020826544305622,0.05020826544305622,0.39434575844285213,S
0.0,0.08344438281885783,male,0.6953698568238152,0.08344438281885783,0.02781479427295261,0.7083510213110021,S
0.0,0.017341136382066778,female,0.867056819103339,0.0,0.0,0.49790737837009236,C
0.0,0.06105625108726636,male,0.9158437663089954,0.0,0.0,0.39686563206723136,S
0.0,0.08304547985373997,male,0.9965457582448797,0.0,0.0,0.0,S
0.0,0.04309026539422339,female,0.308813568658601,0.11490737438459571,0.028726843596148927,0.9427345716635386,S
0.0,0.05948318740369267,male,0.8922478110553901,0.0,0.0,0.44761098521278736,C
0.0,0.09065243268860854,male,0.27195729806582564,0.12086991025147806,0.06043495512573903,0.9484510770045669,S
0.0255488065153798,0.0510976130307596,male,0.0255488065153798,0.0510976130307596,0.0255488065153798,0.9964034540998122,S
0.04406096063497664,0.1321828819049299,female,0.17624384253990655,0.0,0.08812192126995327,0.9704426579853603,S
0.0,0.015615471979112765,male,0.6246188791645106,0.0,0.0,0.7807735989556382,S
0.037437169976715014,0.11231150993014503,female,0.8048991544993728,0.037437169976715014,0.0,0.5802761346390827,Q
0.019132309696159346,0.019132309696159346,male,0.8609539363271707,0.0,0.0,0.5079628224330307,S
0.0,0.06972503147008532,male,0.9296670862678044,0.023241677156695107,0.023241677156695107,0.36024599592877415,Q
0.0,0.0811301753165769,male,0.9735621037989228,0.0,0.0,0.21352921275487596,S
0.028891599832849384,0.05778319966569877,female,0.9245311946511803,0.0,0.0,0.37559079782704197,S
0.0,0.08654846448158308,male,0.8222104125750394,0.0,0.0,0.5625650191302901,S
0.048018774055133086,0.14405632216539926,female,0.9123567070475287,0.048018774055133086,0.0,0.3771490551838263,S
0.038014296063485276,0.07602859212697055,male,0.11404288819045583,0.038014296063485276,0.038014296063485276,0.9883716976506172,S
0.01922208871890049,0.01922208871890049,female,0.8457719036316216,0.0,0.0,0.5328516769588967,C
0.011415439976964153,0.011415439976964153,female,0.6620955186639209,0.0,0.0,0.749245553624056,C
0.0,0.11387331523477047,male,0.9489442936230872,0.0,0.0,0.29417273102315705,Q
0.0,0.06985002292441823,male,0.9779003209418553,0.0,0.02328334097480608,0.19567785422046524,S
0.043342770443029095,0.1300283113290873,female,0.9318695645251255,0.0,0.0,0.3359064709334755,Q
0.0,0.07307840952418695,female,0.8769409142902436,0.0,0.0,0.4750096619072153,S
0.0,0.10094374934648342,male,0.9421416605671786,0.0,0.0,0.3196552062638642,S
0.0,0.04238457502105199,male,0.3532047918420999,0.11302553338947198,0.028256383347367995,0.927295383587245,S
0.0,0.08634405995151594,male,0.9785660127838474,0.0,0.0,0.18695791487768576,S
0.0,0.06498058493049326,male,0.9855388714458144,0.0,0.0,0.1564949087076046,C
0.05007501221795239,0.15022503665385714,male,0.9013502199231429,0.0,0.0,0.40310384835451674,S
0.0,0.2699922188520061,female,0.17999481256800404,0.0,0.08999740628400202,0.9415978632463712,S
0.0,0.08368200836820083,male,0.8926080892608089,0.02789400278940028,0.0,0.4421199442119944,S
0.031024047991205828,0.09307214397361749,male,0.8066252477713516,0.0,0.0,0.5828643016347795,C
0.055379569192238756,0.16613870757671628,female,0.8860731070758201,0.0,0.0,0.42919166123985036,Q
0.01975266493772476,0.01975266493772476,male,0.7901065975089904,0.0,0.0,0.6123326130694675,C
0.0,0.11907926634037248,male,0.9526341307229799,0.0,0.0,0.27983627589987536,S
0.024463116021507716,0.04892623204301543,female,0.85620906075277,0.0,0.0,0.513725436451662,S
0.0,0.12843961624512013,male,0.9418905191308808,0.0,0.0,0.3103957392590403,S
0.0,0.06105625108726636,male,0.9158437663089954,0.0,0.0,0.39686563206723136,S
0.0,0.11379136986822738,male,0.9482614155685615,0.03793045662274246,0.0,0.2939610388262541,Q
0.01377264869761996,0.01377264869761996,female,0.42695210962621877,0.01377264869761996,0.0,0.9039595336790675,C
0.03531550742004513,0.10594652226013537,female,0.9535187003412183,0.0,0.0,0.2798753963038576,S
0.0,0.04001600960640449,male,0.8403362017344942,0.020008004803202244,0.0,0.5402161296864606,S
0.013692369328480935,0.013692369328480935,female,0.4381558185113899,0.0,0.0,0.8986904454532489,C
0.0,0.06279968820032213,male,0.9419953230048319,0.0,0.0,0.32969836305169115,S
0.05498137649465744,0.16494412948397233,male,0.879702023914519,0.0,0.0,0.4426000807819924,S
0.0,0.06659271582120269,male,0.8990016635862362,0.0,0.0,0.43285265283781743,S
0.0,0.058006330737466416,male,0.9861076225369291,0.0,0.0,0.15565032081220156,S
0.0,0.11368664298662237,male,0.9473886915551865,0.0,0.0,0.29921566523125764,S
0.013182023235114792,0.013182023235114792,male,0.5009168829343621,0.013182023235114792,0.0,0.8651941858228183,S
0.0,0.12452287380079402,male,0.9131677412058229,0.0,0.0,0.3880962900124747,S
0.04582289310823138,0.09164578621646276,male,0.8706349690563961,0.0,0.0,0.4811403776364295,S
0.0,0.13667284133921917,male,0.9339310824846644,0.0,0.0,0.330292699903113,S
0.0,0.08971226080325131,male,0.8074103472292619,0.0,0.0,0.5831296952211336,S
0.0,0.08925240544975281,female,0.6396422390565618,0.08925240544975281,0.029750801816584273,0.7576547446224067,S
0.013440235653314321,0.013440235653314321,female,0.4704082478660013,0.013440235653314321,0.0,0.8821418029638934,S
0.0,0.09942441756317809,male,0.9611027031107214,0.0,0.0,0.25767494885123654,S
0.0,0.033026285967339856,male,0.9742754360365258,0.0,0.0,0.22292743027954404,S
0.031006072744042167,0.0930182182321265,female,0.15503036372021084,0.12402429097616867,0.062012145488084335,0.9732031082536236,S
0.0,0.07612490926719102,male,0.9134989112062922,0.0,0.0,0.39965577365275284,S
0.0,0.13052703539756935,female,0.9354437536825804,0.0,0.0,0.3284930390838829,S
0.0,0.039095622659315744,male,0.8601036985049464,0.019547811329657872,0.0,0.5082430945711046,S
0.03622469223787864,0.07244938447575729,female,0.28979753790302915,0.0,0.07244938447575729,0.9508981712443143,S
0.0,0.09174215405193747,male,0.871550463493406,0.0,0.0,0.4816463087726717,S
0.0,0.05671219209206237,male,0.9357511695190291,0.0,0.0,0.3480710789650328,S
0.0,0.11494557468438614,female,0.823776618571434,0.03831519156146204,0.0,0.5538154418676847,C
0.037437169976715014,0.11231150993014503,female,0.8048991544993728,0.037437169976715014,0.0,0.5802761346390827,Q
0.0,0.06471001082659238,male,0.9382951569855894,0.0,0.0,0.33972755683961,S
0.0,0.12865165575048448,male,0.9434454755035528,0.0,0.0,0.30554768240740066,S
0.0,0.09676409350512397,male,0.9676409350512396,0.0,0.0,0.23304019185817354,C
0.0,0.012650249757529116,male,0.5566109893312812,0.025300499515058233,0.0,0.8302915526855691,Q
0.0,0.11384148917256201,female,0.9486790764380167,0.0,0.0,0.29503919277222324,S
0.03546076995209953,0.07092153990419905,female,0.8510584788503887,0.0,0.07092153990419905,0.5141811643054431,S
0.015551245848691723,0.015551245848691723,male,0.5753960964015937,0.015551245848691723,0.015551245848691723,0.8172832845813146,S
0.0,0.03334723090881034,male,0.9003752345378792,0.01667361545440517,0.0,0.4335140018145344,S
0.0,0.11449360115926935,male,0.9541133429939113,0.0,0.0,0.2766928694682343,S
0.0,0.09675084396157628,female,0.9352581582952374,0.03225028132052543,0.03225028132052543,0.3374185683159973,S
0.0,0.014825145174914126,male,0.9191590008446758,0.0,0.0,0.3936076043939701,S
0.0,0.08773542701242218,male,0.8773542701242217,0.02924514233747406,0.0,0.4708467916333324,S
0.0,0.06542573176452128,female,0.8941516674484574,0.0,0.04361715450968085,0.44080586776346203,S
0.030324836135939986,0.09097450840781997,female,0.8794202479422596,0.0,0.06064967227187997,0.4623263867613138,C
0.013441449739444607,0.013441449739444607,female,0.47045074088056127,0.0,0.0,0.8822214887786032,C
0.01385435688107849,0.01385435688107849,female,0.4156307064323547,0.0,0.0,0.909322401275458,S
0.013441449739444607,0.013441449739444607,female,0.47045074088056127,0.0,0.0,0.8822214887786032,C
0.017727598712973542,0.035455197425947084,female,0.8863799356486771,0.0,0.017727598712973542,0.46091756653731214,S
0.0,0.11387331523477047,male,0.9489442936230872,0.0,0.0,0.29417273102315705,Q
0.031247327670551904,0.0937419830116557,male,0.0937419830116557,0.12498931068220762,0.06249465534110381,0.9807754972594479,S
0.0,0.011939607449802922,male,0.6208595873897519,0.011939607449802922,0.011939607449802922,0.7836489712033449,S
0.0,0.02499219116020307,male,0.9996876464081228,0.0,0.0,0.0,S
0.0,0.13015061899758998,female,0.9327461028160614,0.0,0.0,0.33622243241044075,Q
0.0,0.05325764291615076,male,0.9586375724907137,0.0,0.0,0.27960262530979146,S
0.0,0.06961516931878839,male,0.37128090303353806,0.09282022575838451,0.02320505643959613,0.9209506774464713,S
0.0378926373752449,0.11367791212573469,male,0.9473159343811224,0.0378926373752449,0.0,0.2946152555925291,S
0.011414696263702118,0.011414696263702118,female,0.6620523832947228,0.0,0.011414696263702118,0.7491967404503302,S
0.013441449739444607,0.013441449739444607,female,0.47045074088056127,0.0,0.0,0.8822214887786032,S
0.0,0.01975651949233999,male,0.7902607796935995,0.0,0.0,0.6124521042625397,S
0.03968378950662725,0.11905136851988177,male,0.9920947376656813,0.0,0.0,0.0,S
0.021993963485421195,0.04398792697084239,female,0.901752502902269,0.0,0.021993963485421195,0.4288822879657133,S
0.0,0.021067389756836096,male,0.7794934210029355,0.0,0.021067389756836096,0.625701475778032,C
0.043342770443029095,0.1300283113290873,female,0.9318695645251255,0.0,0.0,0.3359064709334755,Q
0.010989757867134273,0.010989757867134273,female,0.6923547456294592,0.010989757867134273,0.0,0.7213061637546377,S
0.0,0.06555811155113243,female,0.9833716732669864,0.0,0.0,0.16935845484042544,S
0.0,0.06651901052377393,male,0.9977851578566089,0.0,0.0,0.0,S
0.0,0.09873199705926614,male,0.23037465980495433,0.13164266274568817,0.03291066568642204,0.9585231381170422,Q
0.024640241514974855,0.07392072454492457,female,0.86240845302412,0.024640241514974855,0.024640241514974855,0.49896489067824085,S
0.0,0.04578118967114558,male,0.9919257762081544,0.0,0.0,0.11826807331712609,Q
0.0,0.10261653246550867,male,0.9577543030114143,0.0,0.0,0.26865692309686606,S
0.0,0.1591674327231873,male,0.8488929745236656,0.0,0.0,0.5040302036234264,S
0.04790216489085918,0.14370649467257754,male,0.9101411329263245,0.0,0.0,0.38561242737141643,S
0.0,0.020956487115397715,male,0.8382594846159086,0.0,0.0,0.5448686650003406,S
0.0,0.08759212174842095,male,0.9635133392326304,0.0,0.0,0.25292225154856546,C
0.031618824495613033,0.09485647348683911,male,0.948564734868391,0.0,0.0,0.30037883270832383,S
0.0,0.12730350074081304,male,0.9335590054326289,0.0,0.0,0.3350543270497705,S
0.02271554252121273,0.04543108504242546,male,0.9540527858909348,0.0,0.0,0.29530205277576554,S
0.04248353252514441,0.12745059757543323,female,0.9346377155531771,0.0,0.0,0.3292473770698692,Q
0.014162154575989704,0.014162154575989704,female,0.3682160189757323,0.0,0.0,0.9295245183023386,S
0.014630339959454076,0.014630339959454076,female,0.27797645922962744,0.014630339959454076,0.0,0.9602535850347925,C
0.0,0.052239345783996596,male,0.9403082241119387,0.0,0.0,0.3362907884844781,C
0.0,0.11648201914850342,female,0.9318561531880274,0.0,0.0,0.3436219564880851,S
0.0,0.11791085974902382,male,0.9432868779921906,0.0,0.0,0.31033352213544746,S
0.0,0.020543616056100784,male,0.8217446422440313,0.0,0.0,0.5694854719679586,C
0.0,0.12111835398015124,male,0.9487604395111847,0.0,0.0,0.29186293486443643,C
0.0,0.015218259809015993,female,0.030436519618031985,0.015218259809015993,0.030436519618031985,0.9988413516088793,S
0.01987223480789825,0.01987223480789825,male,0.7948893923159301,0.0,0.0,0.6061031616408967,S
0.012117096378086733,0.012117096378086733,female,0.6058548189043367,0.0,0.012117096378086733,0.7952983505178959,C
0.043342770443029095,0.1300283113290873,female,0.9318695645251255,0.0,0.0,0.3359064709334755,Q
0.029116523648018595,0.08734957094405578,male,0.7279130912004649,0.05823304729603719,0.0,0.6769591748164323,Q
0.0,0.1559625734730109,male,0.9877629653290692,0.0,0.0,0.0,S
0.03259002161399874,0.06518004322799748,female,0.9125206051919647,0.0,0.0,0.4024867669328844,Q
0.0,0.1134864549035149,male,0.9457204575292908,0.0,0.0,0.3045219873244317,S
0.015222056388743351,0.015222056388743351,male,0.014004291877643883,0.015222056388743351,0.030444112777486702,0.9990905378413366,S
0.013441449739444607,0.013441449739444607,female,0.47045074088056127,0.0,0.0,0.8822214887786032,C
0.014744396808387843,0.014744396808387843,female,0.25065474574259333,0.014744396808387843,0.0,0.967739637880451,C
0.0,0.0519699700334743,male,0.7795495505021144,0.02598498501673715,0.0,0.6236396404016915,C
0.01553624289657753,0.01553624289657753,female,0.46608728689732587,0.0,0.0,0.8844658791078415,C
0.014306350073788932,0.014306350073788932,female,0.3433524017709344,0.0,0.0,0.9389887032830923,C
0.014677541076778808,0.014677541076778808,female,0.2641957393820185,0.029355082153557616,0.029355082153557616,0.9633516020497309,C
0.0,0.05427253541292571,female,0.7055429603680343,0.027136267706462856,0.027136267706462856,0.7055429603680343,S
0.0,0.10257722239877952,male,0.9573874090552755,0.0,0.0,0.26997641087209445,S
0.0,0.039652092210328956,male,0.8525199825220726,0.019826046105164478,0.019826046105164478,0.5204337102605675,S
0.03657123796864295,0.10971371390592886,female,0.9508521871847168,0.0,0.0,0.2872378172533155,S
0.028194193721730047,0.05638838744346009,female,0.6766606493215211,0.028194193721730047,0.0,0.7330490367649812,S
0.0,0.03582871819500093,male,0.9673753912650251,0.0,0.0,0.2508010273650065,S
0.01376873165440117,0.01376873165440117,female,0.42683068128643625,0.0,0.02753746330880234,0.9037024408976281,S
0.013005809794338477,0.013005809794338477,female,0.5202323917735391,0.013005809794338477,0.013005809794338477,0.8536285223655293,C
0.0,0.12843961624512013,male,0.9418905191308808,0.0,0.0,0.3103957392590403,S
0.0,0.1060432430168596,male,0.9543891871517365,0.0,0.0,0.27909874607084,S
0.030750713134123458,0.061501426268246916,female,0.9225213940237038,0.0,0.0,0.3797713072064247,Q
0.02739983121755955,0.0547996624351191,female,0.60279628678631,0.02739983121755955,0.02739983121755955,0.794595105309227,S
0.0,0.04238457502105199,male,0.3532047918420999,0.11302553338947198,0.028256383347367995,0.927295383587245,S
0.013356058603530722,0.013356058603530722,female,0.48081810972710604,0.0,0.0,0.8766168928075768,C
0.0,0.048866763747434774,male,0.9936241961978405,0.0,0.0,0.10160214629154146,S
0.026082026547865053,0.052164053095730106,female,0.938952955723142,0.0,0.0,0.3390663451222457,S
0.026780931736335598,0.08034279520900679,female,0.8302088838264035,0.026780931736335598,0.026780931736335598,0.549678623888288,S
0.01661921354363206,0.01661921354363206,female,0.26590741669811296,0.0,0.01661921354363206,0.9635687058889519,C
0.03136025329151668,0.09408075987455004,female,0.6742454457676086,0.06272050658303337,0.0,0.7291258890277629,Q
0.0,0.0186225874400331,male,0.847327728521506,0.0,0.0,0.5307437420409433,S
0.0,0.01318316867638426,male,0.5009604097026019,0.0,0.01318316867638426,0.8652693661732751,S
0.0,0.12319523435297727,male,0.6570412498825454,0.08213015623531818,0.0,0.7391714061178636,S
0.013440235653314321,0.013440235653314321,female,0.4704082478660013,0.013440235653314321,0.0,0.8821418029638934,S
0.0,0.11368664298662237,male,0.9473886915551865,0.0,0.0,0.29921566523125764,S
0.0,0.01393347739279536,male,0.40407084439106544,0.01393347739279536,0.0,0.9145154285896878,S
0.012919773214618119,0.012919773214618119,female,0.5297107017993429,0.0,0.0,0.8479815630775315,C
0.0218228152396352,0.0654684457189056,male,0.982026685783584,0.0,0.0,0.17567366267906337,S
0.0,0.017444145500654453,male,0.7849865475294504,0.0,0.0,0.6192671652732331,S
0.038152379685825785,0.07630475937165157,male,0.07630475937165157,0.038152379685825785,0.038152379685825785,0.9919618718314704,S
0.014287355292390806,0.014287355292390806,female,0.3428965270173793,0.042862065877172416,0.02857471058478161,0.9377419922028951,S
0.0,0.0646508183835236,male,0.9051114573693303,0.0,0.0,0.42023031949290335,S
0.0,0.07079923254047886,male,0.8849904067559858,0.0,0.0,0.46019501151311265,S
0.0,0.052181805028554934,male,0.9392724905139889,0.0,0.0,0.3391817326856071,S
0.03651483716701107,0.07302967433402215,female,0.8763560920082657,0.0,0.0,0.47469288317114394,S
0.02374232208416312,0.04748464416832624,female,0.9496928833665248,0.0,0.0,0.30865018709412056,S
0.036949455569486644,0.11084836670845993,female,0.7944132947439628,0.036949455569486644,0.0,0.594886234668735,S
0.06043316607168384,0.18129949821505154,male,0.18129949821505154,0.06043316607168384,0.06043316607168384,0.9608873405397732,S
0.0,0.06978558118005371,male,0.976998136520752,0.0,0.0,0.20150586565740508,S
0.0,0.12018275665375447,male,0.9214011343454509,0.0,0.0,0.36956197671029495,S
0.0,0.018811088266103344,male,0.7524435306441338,0.0,0.0,0.6583880893136171,S
0.0,0.17669654580995006,male,0.8834827290497503,0.05889884860331669,0.05889884860331669,0.425791556323097,C
0.0,0.09723873019805174,male,0.8103227516504312,0.03241291006601725,0.0,0.576949799175107,S
0.0,0.11452378687274918,male,0.9543648906062432,0.0,0.0,0.27581145338520424,C
0.0,0.10094374934648342,male,0.9421416605671786,0.0,0.0,0.3196552062638642,S
0.016874182676570676,0.016874182676570676,female,0.37123201888455487,0.0,0.016874182676570676,0.9280800472113871,S
0.0,0.04973647313019938,female,0.9449929894737883,0.0,0.0,0.32328707534629597,S
0.04326079461499818,0.12978238384499455,female,0.9301070842224609,0.0,0.0,0.34086045293049366,Q
0.04326079461499818,0.12978238384499455,female,0.9301070842224609,0.0,0.0,0.34086045293049366,Q
0.0,0.061181059269193434,male,0.8157474569225792,0.02039368642306448,0.08157474569225792,0.5689838512034989,S
0.0,0.049775848369181405,male,0.7217498013531304,0.024887924184590703,0.0,0.689913168736202,C
0.0,0.06333112354382245,female,0.9499668531573366,0.0,0.02111037451460748,0.30513357530903945,C
0.0,0.08373153659705515,male,0.9768679269656434,0.0,0.0,0.1967691110030796,S
0.0,0.10140402531267877,male,0.845033544272323,0.03380134177089292,0.0,0.5239207974488402,Q
0.0,0.09674588366359498,male,0.9674588366359498,0.0,0.0,0.2338025521870212,S
0.011243143496178743,0.011243143496178743,female,0.6745886097707245,0.011243143496178743,0.0,0.7379369774855941,C
0.043663903849156034,0.1309917115474681,female,0.9387739327568547,0.0,0.0,0.3156550937063188,C
0.043342770443029095,0.1300283113290873,female,0.9318695645251255,0.0,0.0,0.3359064709334755,Q
0.014306350073788932,0.014306350073788932,female,0.3433524017709344,0.0,0.0,0.9389887032830923,C
0.016435941035103707,0.016435941035103707,male,0.4108985258775926,0.016435941035103707,0.0,0.9112365120859091,C
0.0,0.15467299823402408,male,0.9280379894041445,0.05155766607800803,0.0,0.33490828730952454,S
0.0,0.14387165467292162,male,0.9111871462618369,0.0,0.0,0.38605560670567307,S
0.0,0.014444482033067217,male,0.31777860472747876,0.0,0.0,0.948054911551147,C
0.0,0.13806343383822914,female,0.13806343383822914,0.13806343383822914,0.046021144612743044,0.9698956227135597,S
0.013440235653314321,0.013440235653314321,female,0.4704082478660013,0.013440235653314321,0.0,0.8821418029638934,C
0.042774021601394305,0.12832206480418293,female,0.9410284752306748,0.0,0.0,0.3101116566101087,S
0.0,0.01408328557992569,male,0.38024871065799365,0.0,0.02816657115985138,0.9243479990670748,C
0.0,0.14550423113983835,male,0.9700282075989224,0.0,0.0,0.1946119091495338,C
0.0,0.14459710013242752,male,0.915781634172041,0.0,0.0,0.37474748450987466,S
0.012831194677360854,0.012831194677360854,female,0.5389101764491558,0.0,0.0,0.8421677639317732,C
0.061685969533702666,0.185057908601108,female,0.061685969533702666,0.0,0.12337193906740533,0.9710420266086872,C
0.0,0.09062635062270001,male,0.9666810733088,0.0,0.0,0.2394046095616325,S
0.01594752330273742,0.01594752330273742,female,0.5581633155958097,0.01594752330273742,0.0,0.8292712117423459,S
0.0,0.11368664298662237,male,0.9473886915551865,0.0,0.0,0.29921566523125764,S
0.0,0.029374072480167504,male,0.2643666523215075,0.0,0.0,0.963974811396153,S
0.0,0.06340624507731299,male,0.021135415025770994,0.10567707512885498,0.04227083005154199,0.9912509647086596,S
0.026082026547865053,0.052164053095730106,female,0.938952955723142,0.0,0.0,0.3390663451222457,S
0.0,0.11389973666758986,male,0.9491644722299155,0.0,0.0,0.29345128155037853,Q
0.04778184825674966,0.09556369651349932,female,0.8122914203647442,0.0,0.0,0.5733821790809959,C
0.013350106307011547,0.013350106307011547,male,0.48060382705241567,0.013350106307011547,0.026700212614023094,0.8762262173969186,S
0.044203909355110683,0.13261172806533206,male,0.9282820964573244,0.0,0.0,0.34460483655057184,S
0.0,0.10231071357682722,male,0.9548999933837207,0.06820714238455149,0.0,0.27027080169878526,S
0.014374175779425603,0.014374175779425603,female,0.33060604292678886,0.014374175779425603,0.0,0.9434404027771318,C
0.03392482378633568,0.10177447135900704,female,0.8141957708720563,0.0,0.06784964757267135,0.5665445572318059,S
0.0,0.1274837349822984,male,0.9348807232035216,0.0,0.0,0.3312792337250006,S
0.0,0.09340001991740071,female,0.965133539146474,0.0,0.0,0.24452747881174955,S
0.0,0.03782347372361169,male,0.8699398956430688,0.0,0.0,0.49170515840695195,S
0.0,0.07885697226877511,male,0.9068551810909138,0.0,0.0,0.41399910441106935,S
0.032460988848828996,0.06492197769765799,female,0.9089076877672119,0.0,0.0,0.4106315089376868,S
0.02504853452573515,0.07514560357720546,male,0.9768928465036709,0.0,0.0,0.19850963611645106,S
0.0,0.10955893771095318,male,0.9495107934949276,0.0,0.0,0.2939831495243911,S
0.0,0.12820856725945562,female,0.8974599708161893,0.04273618908648521,0.0,0.41988305777471713,S
0.0,0.09279335554077416,male,0.8660713183805587,0.030931118513591385,0.0,0.49025822844042344,S
0.0,0.1363581559112669,female,0.9090543727417794,0.0,0.0,0.3937341751937832,S
0.0,0.04996877926639076,male,0.849469247528643,0.02498438963319538,0.0,0.524672182297103,S
0.0,0.0580577954672939,male,0.9869825229439964,0.0,0.0,0.14998263829050926,S
0.05215961794262973,0.10431923588525946,male,0.1564788538278892,0.05215961794262973,0.05215961794262973,0.9779928364243075,S
0.0,0.13278358342831179,male,0.9294850839981825,0.0,0.0,0.3441307870517081,S
0.0,0.08925240544975281,female,0.6396422390565618,0.08925240544975281,0.029750801816584273,0.7576547446224067,S
0.0,0.11368664298662237,male,0.9473886915551865,0.0,0.0,0.29921566523125764,S
0.0,0.1149571877714914,male,0.9579765647624283,0.0,0.0,0.2628036269644065,Q
0.01360843453093206,0.01360843453093206,female,0.449078339520758,0.01360843453093206,0.0,0.8931814353770071,Q
0.0,0.06651901052377393,male,0.9977851578566089,0.0,0.0,0.0,S
0.022311616786828532,0.0669348503604856,male,0.9817111386204554,0.0,0.0,0.1768195630356161,S
0.0,0.129573918254983,female,0.928613080827378,0.0,0.0,0.3476900139842044,S
0.021227404011935902,0.042454808023871804,female,0.7217317364058207,0.021227404011935902,0.021227404011935902,0.6898906303879169,S
0.04463218426774518,0.08926436853549036,female,0.8033793168194132,0.0,0.08926436853549036,0.5802183954806873,S
0.0,0.06105625108726636,male,0.9158437663089954,0.0,0.0,0.39686563206723136,S
0.0,0.11369653451280322,female,0.3789884483760107,0.0,0.07579768967520215,0.9152571028280658,S
0.0,0.11368664298662237,male,0.9473886915551865,0.0,0.0,0.29921566523125764,C
0.0,0.13286777600425378,male,0.9300744320297765,0.0,0.0,0.3425021240578986,Q
0.0,0.09933907581145099,male,0.9602777328440263,0.0,0.0,0.26076507400505883,S
0.0,0.09475658292899879,female,0.8843947740039886,0.03158552764299959,0.03158552764299959,0.45483159805919415,S
0.0,0.11001897140853059,male,0.6601138284511835,0.0366729904695102,0.0366729904695102,0.7412528198649748,S
0.0,0.11449360115926935,male,0.9541133429939113,0.0,0.0,0.2766928694682343,S
0.02611758488277851,0.05223516976555702,female,0.7312923767177983,0.02611758488277851,0.0,0.6790572069522413,S
0.030978910540439487,0.06195782108087897,female,0.5885993002683503,0.0,0.0,0.8054516740514267,S
0.0,0.11387331523477047,male,0.9489442936230872,0.0,0.0,0.29417273102315705,Q
0.03016755968050252,0.09050267904150756,male,0.9653619097760806,0.0,0.0,0.2428488554280453,S
0.025898545759465083,0.025898545759465083,male,0.7251592812650223,0.0,0.0,0.687606389913798,S
0.036949455569486644,0.11084836670845993,female,0.7944132947439628,0.036949455569486644,0.0,0.594886234668735,S
0.020219563399637347,0.040439126799274694,female,0.8492216627847685,0.020219563399637347,0.0,0.525708648390571,S
0.0,0.16064026724851047,male,0.9102948477415592,0.0,0.0,0.3815206347152123,S
0.0,0.013331188665714058,male,0.6665594332857029,0.013331188665714058,0.0,0.7452134464134158,S
0.014889140548363667,0.014889140548363667,female,0.20844796767709134,0.014889140548363667,0.029778281096727335,0.9772398064075203,S
0.0,0.0740878376680578,female,0.5186148636764045,0.04939189177870519,0.04939189177870519,0.8489231399464955,S
0.032520325203252036,0.06504065040650407,female,0.7804878048780488,0.06504065040650407,0.0975609756097561,0.6097560975609756,S
0.0,0.010896715652832066,male,0.6973898017812522,0.010896715652832066,0.04358686261132826,0.7151993938442409,S
0.0,0.060992336413186125,male,0.9453812144043849,0.0,0.0,0.32020976616922714,S
0.019170380871744847,0.038340761743489694,female,0.8626671392285181,0.019170380871744847,0.019170380871744847,0.5032224978833022,S
0.0,0.13426481505160337,male,0.8950987670106891,0.0,0.0,0.42517191433007734,S
0.0,0.11375961244532257,male,0.947996770377688,0.03791987081510752,0.0,0.294826995587461,S
0.03230853348756192,0.06461706697512384,female,0.9046389376517339,0.0,0.0,0.420010935338305,S
0.037774526728868676,0.11332358018660603,male,0.9443631682217168,0.0,0.0,0.30644584808794717,S
0.015197156908168669,0.015197156908168669,male,0.060788627632674674,0.0,0.030394313816337337,0.9974562753735057,S
0.04243807894803486,0.08487615789606973,female,0.5516950263244532,0.0,0.04243807894803486,0.8275425394866798,S
0.023168874507367123,0.023168874507367123,male,0.7877417332504821,0.0,0.0,0.6151336181705971,S
0.04933343766772633,0.148000313003179,female,0.2466671883386317,0.09866687533545267,0.04933343766772633,0.950078142636374,C
0.016583383069161826,0.016583383069161826,male,0.8623359195964149,0.0,0.0,0.5057931836094357,S
0.0,0.04390504278033134,male,0.790290770045964,0.02195252139016567,0.04390504278033134,0.6091824685770973,S
0.0,0.09331049341055554,male,0.7775874450879628,0.031103497803518513,0.0,0.6210342095935131,S
0.0,0.02446265854039981,male,0.7338797562119943,0.0,0.0,0.6788387744960948,C
0.012206132710828752,0.012206132710828752,male,0.5981005028306089,0.012206132710828752,0.0,0.8011421967956186,C
0.0,0.1134864549035149,male,0.9457204575292908,0.0,0.0,0.3045219873244317,S
0.033088942782483345,0.09926682834745004,male,0.9595793406920171,0.0,0.0,0.26126367442193205,C
0.0,0.014240878868894693,male,0.925657126478155,0.0,0.0,0.3780953339691541,S
0.015976563275761357,0.015976563275761357,female,0.5591797146516476,0.015976563275761357,0.0,0.8285845128891735,S
0.019554350465312217,0.039108700930624435,female,0.9777175232656109,0.0,0.0,0.2053206798857783,S
0.0,0.11387331523477047,male,0.9489442936230872,0.0,0.0,0.29417273102315705,Q
0.01822433348280484,0.01822433348280484,male,0.8747680071746322,0.0,0.0,0.4838560539684685,S
0.0,0.08554676063597784,male,0.9695299538744155,0.0,0.0,0.22955047437320725,S
0.0,0.016457143287043747,male,0.7734857344910562,0.0,0.0,0.6336000165511844,S
0.0,0.04018527941260978,male,0.9644467059026347,0.0,0.0,0.26120431618196355,S
0.0,0.1134864549035149,male,0.9457204575292908,0.0,0.0,0.3045219873244317,S
0.0,0.07738998282071448,male,0.9802731157290501,0.0,0.0,0.18186645962867903,S
0.0,0.06651901052377393,male,0.9977851578566089,0.0,0.0,0.0,S
0.0,0.016133434507852453,male,0.9034723324397373,0.0,0.0,0.42834268618348265,S
0.0,0.11390506537592586,male,0.9492088781327155,0.0,0.0,0.29330554334300907,Q
0.05086937102953844,0.15260811308861533,female,0.03815202827215383,0.10173874205907688,0.05086937102953844,0.97965760809816,C
0.0,0.11449360115926935,male,0.9541133429939113,0.0,0.0,0.2766928694682343,S
0.0,0.07674569946333168,male,0.9721121932022012,0.0,0.0,0.22160320720037022,S
0.023130663357542804,0.04626132671508561,female,0.7633118907989125,0.023130663357542804,0.04626132671508561,0.6418759081718128,S
0.03715929320537628,0.07431858641075256,female,0.8546637437236545,0.0,0.0,0.5124898241005881,C
0.0,0.12353145516659278,female,0.905897337888347,0.0,0.0,0.40508023006711885,S
0.0,0.015240998561973753,male,0.60963994247895,0.0,0.0,0.792531925222635,S
0.0,0.04996877926639076,male,0.849469247528643,0.02498438963319538,0.0,0.524672182297103,S
0.0,0.09996428038969955,male,0.966321377100429,0.033321426796566515,0.0,0.23477610892324838,S
0.0,0.12797134547293543,male,0.938456533468193,0.0,0.0,0.32081563167761756,S
0.0776191075150937,0.23285732254528108,female,0.1552382150301874,0.0,0.0776191075150937,0.9537447835917138,S
0.0,0.062302776665071516,male,0.18690832999521453,0.10383796110845252,0.04153518444338101,0.9740000751972846,S
0.0,0.06651901052377393,male,0.9977851578566089,0.0,0.0,0.0,S
0.0,0.05913350826478188,male,0.985558471079698,0.0,0.0,0.1586749138438314,S
0.015673056807830946,0.04701917042349284,female,0.9874025788933496,0.0,0.0,0.1502654321450792,S
0.01423370456085991,0.01423370456085991,male,0.35584261402149775,0.01423370456085991,0.0,0.9342206586293037,C
0.0,0.08925240544975281,female,0.6396422390565618,0.08925240544975281,0.029750801816584273,0.7576547446224067,S
0.013440235653314321,0.013440235653314321,female,0.4704082478660013,0.013440235653314321,0.0,0.8821418029638934,S
0.0,0.01534455392965759,male,0.8899841279201403,0.0,0.0,0.45573325171083046,C
0.0,0.09613594775369944,male,0.9613594775369944,0.0,0.0,0.2579647931390935,S
0.05377509992414328,0.16132529977242985,male,0.4839758993172895,0.05377509992414328,0.05377509992414328,0.8550240887938781,S
0.0,0.09331049341055554,male,0.7775874450879628,0.031103497803518513,0.0,0.6210342095935131,S
0.0,0.13382159904365465,male,0.9367511933055827,0.0,0.0,0.3234021976888321,S
0.0,0.015898572670343284,male,0.8744214968688807,0.0,0.0,0.4849064664454702,S
0.0,0.011552655384156774,male,0.820238532275131,0.0,0.0,0.5719049626683738,C
0.0,0.13222115028757447,male,0.9255480520130213,0.0,0.0,0.35479341993832486,S
0.0,0.10332288780427719,male,0.8610240650356432,0.0,0.0,0.4979577695801936,C
0.011763180053976034,0.011763180053976034,female,0.6352117229147057,0.011763180053976034,0.0,0.7720692649346845,C
0.0,0.10217981280491518,male,0.8514984400409599,0.0,0.0,0.5143050577847397,S
0.0,0.014229380944172587,female,0.3557345236043147,0.014229380944172587,0.028458761888345174,0.9339368806422012,S
0.0,0.11805402794984719,male,0.9444322235987775,0.0,0.0,0.3067751970304729,S
0.0,0.15532601139398594,male,0.880180731232587,0.0,0.0,0.44850385790013436,S
0.0,0.13283409373638722,female,0.9298386561547106,0.0,0.0,0.34315474215233366,Q
0.0,0.13037876225867062,female,0.9343811295204729,0.0,0.0,0.3315618843412833,Q
0.0,0.07824820471670176,female,0.9650611915059883,0.0,0.0,0.25006822090712605,S
0.014799192411943635,0.014799192411943635,female,0.23678707859109815,0.0,0.0,0.9713361144424733,S
0.0,0.014690205391935237,male,0.26442369705483426,0.014690205391935237,0.0,0.9641828167764341,C
0.02374232208416312,0.04748464416832624,female,0.7834966287773829,0.0,0.04748464416832624,0.6173003741882411,S
0.02082022316024907,0.02082022316024907,male,0.8328089264099627,0.0,0.0,0.5527769249046128,S
0.0,0.08319301131152156,male,0.7764681055742012,0.0,0.0,0.6246408599306743,S
0.016058636714062647,0.04817591014218794,male,0.4175245545656288,0.0,0.0,0.9072455280703404,S
0.033130341646710644,0.09939102494013194,male,0.9607799077546088,0.0,0.0,0.2567601477620075,Q
0.0,0.1134864549035149,male,0.9457204575292908,0.0,0.0,0.3045219873244317,S
0.02242224239833162,0.02242224239833162,male,0.8072007263399383,0.0,0.0,0.5894246970461425,S
0.012454005114775268,0.012454005114775268,female,0.6725162761978645,0.012454005114775268,0.0,0.7397679038176509,C
0.0,0.11847559391886654,male,0.9478047513509323,0.0,0.0,0.29602311896567995,S
0.0,0.017232635012166715,male,0.8099338455718356,0.0,0.0,0.5862680292219213,S
0.028046877460778087,0.056093754921556174,female,0.9535938336664549,0.0,0.0,0.2944922133381699,S
0.0,0.0859876873969165,male,0.716564061640971,0.0,0.0,0.6922008835451778,Q
0.022484687520664393,0.04496937504132879,female,0.8094487507439181,0.022484687520664393,0.0,0.5846018755372742,S
0.0,0.0906454596951053,male,0.9668849034144567,0.0,0.0,0.23857280688687085,S
0.01385435688107849,0.01385435688107849,female,0.4156307064323547,0.0,0.0,0.909322401275458,S
0.0,0.12730350074081304,male,0.9335590054326289,0.0,0.0,0.3350543270497705,S
0.0,0.11452378687274918,male,0.9543648906062432,0.0,0.0,0.27581145338520424,C
0.013735294971856339,0.013735294971856339,female,0.6043529787616789,0.0,0.013735294971856339,0.796361414232253,C
0.0,0.11451872129331368,male,0.9543226774442807,0.0,0.0,0.27595957999120774,C
0.0,0.07256221317964097,male,0.9795898779251531,0.0,0.0,0.18745238404740583,Q
0.019554350465312217,0.039108700930624435,female,0.9777175232656109,0.0,0.0,0.2053206798857783,S
0.0,0.0130091109711098,male,0.520364438844392,0.0,0.0,0.8538451931222091,S
0.0,0.0751691889449253,male,0.9771994562840288,0.0,0.0,0.19857194079617765,S
0.0,0.07725232952480189,male,0.8884017895352218,0.07725232952480189,0.038626164762400945,0.4442008947676109,S
0.038152379685825785,0.07630475937165157,female,0.07630475937165157,0.038152379685825785,0.038152379685825785,0.9919618718314704,S
0.0,0.11451872129331368,male,0.9543226774442807,0.0,0.0,0.27595957999120774,C
0.0,0.15984121343702032,male,0.9057668761431152,0.053280404479006775,0.053280404479006775,0.3851747000596358,C
0.03200686581249278,0.09602059743747832,female,0.6881476149685947,0.0,0.06401373162498555,0.7156191078954571,C
0.0,0.09563461633576414,female,0.9563461633576413,0.0,0.0,0.27614495466951894,S
0.03658655613315631,0.07317311226631262,female,0.2561058929320942,0.0,0.07317311226631262,0.9603970984953533,S
0.0,0.019135812303548803,male,0.861111553659696,0.0,0.0,0.5080558166592207,S
0.01385435688107849,0.01385435688107849,female,0.4156307064323547,0.0,0.0,0.909322401275458,C
0.0,0.10324896814285558,male,0.8604080678571299,0.0,0.0,0.4990366793571353,S
0.01844199375737695,0.01844199375737695,female,0.4057238626622929,0.0,0.0368839875147539,0.912878690990159,C
0.013351296129663496,0.013351296129663496,female,0.4806466606678858,0.0,0.02670259225932699,0.8763043106927857,S
0.0,0.09094560906125278,female,0.27283682718375835,0.12126081208167037,0.06063040604083519,0.9481079744635602,S
0.0,0.08931872656574834,female,0.3275019974077439,0.11909163542099778,0.05954581771049889,0.9311477244479264,S
0.024210875062207954,0.04842175012441591,male,0.7747480019906545,0.024210875062207954,0.0,0.6294827516174067,S
0.0,0.012117986016481714,male,0.6058993008240857,0.012117986016481714,0.0,0.7953567414001674,C
0.0,0.014474523737201655,male,0.9263695191809059,0.0,0.0,0.376337617167243,S
0.030964056111131625,0.06192811222226325,female,0.5883170661115008,0.030964056111131625,0.0,0.8050654588894222,S
0.030190009827547708,0.060380019655095415,male,0.9057002948264313,0.0,0.0,0.41850901123438017,C
0.0,0.07691610813873646,male,0.8460771895261011,0.025638702712912156,0.025638702712912156,0.526234373182522,S
0.026522656503068762,0.053045313006137525,male,0.2121812520245501,0.026522656503068762,0.026522656503068762,0.9747076264877771,S
0.014739591072259636,0.014739591072259636,male,0.2505730482284138,0.0,0.02947918214451927,0.9674242162731178,C
0.0,0.05328126154470819,male,0.7192970308535606,0.0,0.0,0.6926564000812064,S
0.0,0.11377223060086505,male,0.9481019216738754,0.0,0.0,0.29691518260676425,Q
0.04278818881889843,0.1283645664566953,male,0.9413401540157655,0.0,0.0,0.30914466421654113,C
0.042468660319252276,0.12740598095775682,female,0.9343105270235501,0.0,0.0,0.3301938339821865,S
0.0,0.014825145174914126,male,0.9191590008446758,0.0,0.0,0.3936076043939701,S
0.0160640549364682,0.0160640549364682,female,0.7710746369504736,0.0160640549364682,0.0,0.6361365754841407,C
0.0,0.0130091109711098,male,0.520364438844392,0.0,0.0,0.8538451931222091,C
0.01309358841753641,0.01309358841753641,female,0.51064994828392,0.01309358841753641,0.01309358841753641,0.8593898196319517,S
0.024924097079874193,0.07477229123962259,female,0.897267494875471,0.024924097079874193,0.0,0.43367928918981097,S
0.0,0.11387331523477047,male,0.9489442936230872,0.0,0.0,0.29417273102315705,Q
0.0,0.07338180260652129,male,0.9784240347536173,0.0,0.0,0.1931360123401903,S
0.0,0.06420785623157957,male,0.898909987242114,0.0,0.0,0.4334030295631621,S
0.0,0.1134864549035149,male,0.9457204575292908,0.0,0.0,0.3045219873244317,S
0.0,0.129573918254983,female,0.928613080827378,0.0,0.0,0.3476900139842044,S
0.0,0.08762261865019615,male,0.7009809492015692,0.058415079100130766,0.0,0.705362080134079,S
0.0,0.14428019098607647,male,0.9137745429118177,0.0,0.0,0.3797358439959543,S
0.0,0.08288192165429165,female,0.8011919093248192,0.0,0.11050922887238886,0.5822454996213988,S
0.0,0.11451872129331368,male,0.9543226774442807,0.0,0.0,0.27595957999120774,C
0.030210398684681557,0.09063119605404467,male,0.9667327579098098,0.0,0.0,0.2372785133492259,S
0.015892548201513743,0.031785096403027485,male,0.9853379884938519,0.0,0.0,0.16687175611589428,S
0.013526973035573972,0.013526973035573972,female,0.7169295708854205,0.027053946071147944,0.0,0.6963577502929196,S
0.022392611137862766,0.022392611137862766,male,0.8061340009630595,0.0,0.0,0.5908850264003537,S
0.043342770443029095,0.1300283113290873,female,0.9318695645251255,0.0,0.0,0.3359064709334755,Q
0.0,0.16519400522199468,male,0.881034694517305,0.0,0.0,0.4432705806790191,S
0.0,0.12454138185726055,male,0.7887620850959834,0.0,0.0,0.6019500123100926,S
0.027420424855354085,0.05484084971070817,female,0.932294445082039,0.0,0.0,0.3564655231196031,S
0.014666588314701934,0.014666588314701934,female,0.5719969442733754,0.014666588314701934,0.0,0.8198622867918381,S
0.0,0.11493557429095552,female,0.8237049490851812,0.038311858096985174,0.0,0.5539243379236407,C
0.03019500914385952,0.09058502743157856,male,0.9662402926035046,0.0,0.0,0.23929544746508669,S
0.0255488065153798,0.0510976130307596,female,0.6387201628844951,0.0255488065153798,0.0255488065153798,0.7664641954613941,S
0.01309358841753641,0.01309358841753641,female,0.51064994828392,0.01309358841753641,0.01309358841753641,0.8593898196319517,C
0.0,0.033351867298253506,male,0.9005004170528446,0.0,0.0,0.43357427487729555,S
0.0,0.01854711295758824,male,0.6676960664731766,0.0,0.0,0.744202907423228,C
0.0,0.11259531615881502,male,0.9382943013234585,0.0,0.0,0.3269955640112253,C
0.014683869138412993,0.014683869138412993,female,0.2643096444914339,0.0,0.029367738276825987,0.9637669405782539,S
0.0,0.0405054204942691,male,0.9518773816153239,0.0,0.0,0.30379065370701824,S
0.011242432950350923,0.011242432950350923,male,0.6745459770210555,0.011242432950350923,0.011242432950350923,0.7378903412365126,C
0.0,0.1270226083490961,male,0.9314991278933713,0.0,0.0,0.3408439990700745,S
0.0,0.1134864549035149,male,0.9457204575292908,0.0,0.0,0.3045219873244317,S
0.0,0.08369688610873872,male,0.9764636712686183,0.0,0.0,0.19878010450825445,S
0.011939607449802922,0.011939607449802922,female,0.6208595873897519,0.011939607449802922,0.0,0.7836489712033449,C
0.0,0.06295852202966722,male,0.9863501784647863,0.0,0.0,0.15214976157169577,S
0.0,0.1296634468811192,female,0.9292547026480209,0.0,0.08644229792074613,0.33496390444289126,Q
0.0,0.044172610429938614,male,0.8171932929538643,0.022086305214969307,0.0,0.574243935589202,S
0.0,0.06900249439900492,male,0.828029932788059,0.023000831466334973,0.023000831466334973,0.5554700799119896,S
0.02307555769970229,0.04615111539940458,female,0.6461156155916641,0.0,0.0,0.7614934040901755,S
0.0,0.06111006327950329,male,0.9981310335652204,0.0,0.0,0.0,S
0.0,0.11452378687274918,male,0.9543648906062432,0.0,0.0,0.27581145338520424,C
0.013309770681245397,0.013309770681245397,male,0.6521787633810245,0.013309770681245397,0.0,0.7577145970667555,C
0.027576371656986686,0.05515274331397337,female,0.6618329197676804,0.05515274331397337,0.027576371656986686,0.7445620347386406,S
0.0,0.11368664298662237,male,0.9473886915551865,0.0,0.0,0.29921566523125764,S
0.0,0.017152986697067732,male,0.6861194678827093,0.0,0.0,0.7272866359556718,S
0.0,0.06691824824284032,male,0.9814676408949914,0.0,0.0,0.1795639661182882,S
0.022751361850184084,0.022751361850184084,male,0.7962976647564429,0.0,0.0,0.6040486571223874,C
0.0,0.07625414972539836,male,0.9150497967047803,0.02541804990846612,0.0,0.39525067607664816,S
0.0,0.09625754927639457,male,0.9625754927639457,0.0,0.0,0.25334345252551876,S
0.0245347989224292,0.0245347989224292,male,0.6624395709055884,0.0,0.0,0.7483113671340906,S
0.02121030373257556,0.04242060746515112,female,0.4666266821166623,0.02121030373257556,0.04242060746515112,0.8819074609575057,C
0.01300801029956332,0.01300801029956332,female,0.5203204119825328,0.0,0.0,0.8537729512056588,S
0.0,0.059594637782969945,female,0.7747302911786094,0.01986487926098998,0.09932439630494991,0.6212740988874617,S
0.0,0.11473282068266884,male,0.9561068390222403,0.0,0.0,0.26962212860427176,S
0.037437169976715014,0.11231150993014503,female,0.8048991544993728,0.037437169976715014,0.0,0.5802761346390827,Q
0.0,0.11387331523477047,male,0.9489442936230872,0.0,0.0,0.29417273102315705,Q
0.0,0.08324337824612717,male,0.971172746204817,0.0,0.0,0.22336973162710794,S
0.014417246421833164,0.028834492843666328,female,0.34601391412399596,0.014417246421833164,0.028834492843666328,0.9371210174191557,S
0.0,0.0809228186344516,male,0.9171252778571182,0.026974272878150532,0.026974272878150532,0.3884295294453677,S
0.0,0.0975791657675972,female,0.8456861033191757,0.03252638858919907,0.0,0.523674856286105,S
0.025424641809046068,0.050849283618092135,female,0.10169856723618427,0.050849283618092135,0.025424641809046068,0.9915610305527967,S
0.0,0.07114555037960442,male,0.9248921549348574,0.0,0.0,0.3735141394929232,S
0.0,0.09743938150622561,male,0.8769544335560305,0.032479793835408534,0.0,0.4694694360557621,C
0.014859408691016486,0.014859408691016486,male,0.6240951650226925,0.014859408691016486,0.0,0.7809243362294187,S
0.038930813258622625,0.11679243977586788,male,0.7786162651724525,0.038930813258622625,0.038930813258622625,0.6128371830732597,C
0.0,0.13262287687405616,male,0.9283601381183932,0.0,0.0,0.34721553318140397,S
0.0,0.11265068305807945,male,0.7885547814065561,0.0,0.0,0.6045586657450264,S
0.0,0.01448418594763292,male,0.8835353428056081,0.0,0.0,0.46814047717625407,S
0.0,0.03427189500676831,male,0.9767490076928969,0.0,0.0,0.2116289516667943,Q
0.014508189602581786,0.014508189602581786,female,0.3046719816542175,0.0,0.0,0.952236319651694,S
0.0,0.10973902015284367,male,0.9510715079913118,0.0,0.0,0.2888257851076077,S
0.0,0.1138945327613868,male,0.9491211063448899,0.0,0.0,0.2935935300678775,Q
0.011702511745597511,0.011702511745597511,male,0.9362009396478009,0.0,0.0,0.35107535236792536,S
0.0,0.058170110348799355,male,0.9888918759295889,0.0,0.0,0.13678119747416678,S
0.022609336757768862,0.022609336757768862,male,0.7234987762486036,0.0,0.0,0.6895847711119503,C
0.0,0.02499219116020307,male,0.9996876464081228,0.0,0.0,0.0,S
0.0,0.10104905769652796,female,0.3031471730895839,0.10104905769652796,0.06736603846435198,0.93975623657771,S
0.03230853348756192,0.06461706697512384,female,0.9046389376517339,0.0,0.0,0.420010935338305,S
0.0,0.09062635062270001,male,0.9666810733088,0.0,0.0,0.2394046095616325,S
0.0,0.04914639129665823,male,0.7617690650982025,0.024573195648329115,0.024573195648329115,0.6450463857686393,S
0.0,0.05230182705629218,female,0.7147916364359931,0.0,0.08716971176048696,0.6919095870988653,S
0.0,0.1003232270761124,male,0.8360268923009365,0.03344107569203746,0.0,0.5384013186418032,S
0.0,0.13827844289149932,male,0.9218562859433287,0.0,0.0,0.3620221820528046,S
0.014306350073788932,0.014306350073788932,female,0.3433524017709344,0.0,0.0,0.9389887032830923,C
0.0,0.10577487585412107,female,0.07051658390274738,0.10577487585412107,0.07051658390274738,0.9837063454433259,S
0.016165290451805005,0.04849587135541502,male,0.40413226129512514,0.0,0.0,0.9132710163070853,S
0.05086937102953844,0.15260811308861533,female,0.03815202827215383,0.10173874205907688,0.05086937102953844,0.97965760809816,C
0.012295301894098425,0.012295301894098425,male,0.5901744909167244,0.012295301894098425,0.0,0.8069947626380137,C
0.0,0.14428019098607647,male,0.9137745429118177,0.0,0.0,0.3797358439959543,S
0.015078566105588505,0.015078566105588505,male,0.8443997019129563,0.0,0.0,0.535289096748392,C
0.0,0.11412517208716848,male,0.951043100726404,0.0,0.0,0.28721501641937397,S
0.04096151011683465,0.12288453035050395,female,0.9421147326871969,0.0,0.0,0.3092594013821016,S
0.0,0.11368664298662237,male,0.9473886915551865,0.0,0.0,0.29921566523125764,S
0.03411955969674702,0.06823911939349404,female,0.6141520745414464,0.0,0.03411955969674702,0.7847498730251815,S
0.0,0.13141718353823664,male,0.9199202847676564,0.0,0.0,0.36942684464433695,S
0.04329262446123662,0.12987787338370987,female,0.9307914259165874,0.0,0.0,0.33894661543191373,Q
0.0,0.15418866889833993,female,0.9251320133900397,0.0,0.0,0.3469245050212649,Q
0.0,0.02859514768627577,male,0.34314177223530923,0.02859514768627577,0.0,0.9384126806500491,S
0.0,0.11368664298662237,male,0.9473886915551865,0.0,0.0,0.29921566523125764,S
0.0,0.0840085693111269,female,0.8960914059853535,0.028002856437042298,0.028002856437042298,0.4340442747741556,Q
0.0,0.07548513560963972,male,0.8680790595108567,0.0,0.0,0.4906533814626582,S
0.0,0.01141320927314862,male,0.6619661378426199,0.0,0.02282641854629724,0.7490991427175457,C
0.012114428638067429,0.012114428638067429,male,0.6057214319033715,0.024228857276134858,0.0,0.7951232550023728,S
0.0,0.07360549061171302,male,0.9814065414895069,0.0,0.0,0.1772665565565422,C
0.0,0.018683528468574538,male,0.8781258380230033,0.0,0.0,0.4780647846896509,S
0.0,0.08131344394648973,male,0.9757613273578769,0.0,0.0,0.20316977104469927,S
0.04594094177253755,0.13782282531761264,male,0.9188188354507509,0.04594094177253755,0.0,0.36408196354736005,S
0.0,0.027369349286466626,male,0.437909588583466,0.027369349286466626,0.0,0.8981854094038325,S
0.0,0.07079923254047886,male,0.8849904067559858,0.0,0.0,0.46019501151311265,S
0.0,0.11384148917256201,male,0.9486790764380167,0.0,0.0,0.29503919277222324,S
0.0,0.06841540711940403,male,0.9806208353781243,0.0,0.0,0.18358134243706747,S
0.01594752330273742,0.01594752330273742,female,0.5581633155958097,0.01594752330273742,0.0,0.8292712117423459,S
0.01787996349630379,0.03575992699260758,female,0.7151985398521515,0.01787996349630379,0.01787996349630379,0.6973185763558477,S
0.0,0.016513705870960113,male,0.5119248819997635,0.016513705870960113,0.0,0.8587127052899259,S
0.0,0.028244052108954375,male,0.988541823813403,0.0,0.0,0.14828127357201046,S
0.02968260885977624,0.05936521771955248,male,0.9201608746530634,0.0,0.0,0.38587391517709113,S
0.0,0.06651901052377393,male,0.9977851578566089,0.0,0.0,0.0,S
0.0,0.1512432965963172,male,0.9074597795779031,0.0,0.0,0.3919722103454554,S
0.0,0.11555118212910473,male,0.9436679873876885,0.0,0.0,0.3100623387130977,S
0.04817618276556587,0.14452854829669762,female,0.8671712897801857,0.0,0.0,0.4741355379238696,S
0.0,0.04688295566870586,female,0.6719890312514507,0.01562765188956862,0.09376591133741172,0.7329368736207683,S
0.013354867507291143,0.013354867507291143,male,0.48077523026248115,0.0,0.013354867507291143,0.8765387159205498,C
0.0,0.12940307080684713,female,0.9273886741157378,0.0,0.0,0.3510058295635728,Q
0.014087477346393859,0.014087477346393859,male,0.38036188835263424,0.0,0.0,0.9246231231441532,C
0.0,0.13496263633763048,male,0.8997509089175365,0.0,0.0,0.4150101067382137,S
0.0,0.060812906982107826,male,0.2837935659165032,0.10135484497017971,0.04054193798807189,0.9507084458202857,S
0.0,0.027931762262442823,male,0.8379528678732847,0.013965881131221412,0.013965881131221412,0.544669364117635,S
0.0,0.041144687601959606,male,0.5143085950244951,0.020572343800979803,0.041144687601959606,0.8553815973696994,C
0.0,0.07076775456624292,male,0.33024952130913365,0.0943570060883239,0.023589251522080974,0.9361984197825887,S
0.0,0.13787528029398227,male,0.8732101085285543,0.0,0.0,0.4674339669380116,S
0.0,0.15118108631832766,male,0.907086517909966,0.0,0.0,0.3928591709068063,S
0.014848052238905132,0.014848052238905132,female,0.222720783583577,0.0,0.014848052238905132,0.974542999869195,S
0.015406510009618582,0.015406510009618582,male,0.47760181029817605,0.015406510009618582,0.0,0.8781710705482592,S
0.06950348868316875,0.20851046604950627,female,0.278013954732675,0.0,0.06950348868316875,0.9325074566154702,C
0.016165290451805005,0.04849587135541502,male,0.40413226129512514,0.0,0.0,0.9132710163070853,S
0.0,0.11452378687274918,male,0.9543648906062432,0.0,0.0,0.27581145338520424,C
0.0,0.015239401251999119,male,0.9143640751199472,0.0,0.0,0.4046061032405766,S
0.0,0.03720165755677949,male,0.9672430964762667,0.0,0.0,0.25111118850826153,S
0.0,0.06691824824284032,male,0.9814676408949914,0.0,0.0,0.1795639661182882,S
0.043353301167782965,0.1300599035033489,female,0.9320959751073338,0.0,0.0,0.335264083920816,Q
0.0,0.012206132710828752,male,0.5981005028306089,0.012206132710828752,0.012206132710828752,0.8011421967956186,C
0.0,0.0700995331377877,male,0.9813934639290279,0.0,0.0,0.17875380950135866,S
0.014688620559598678,0.014688620559598678,female,0.2643951700727762,0.014688620559598678,0.0,0.9640787972569235,C
0.022833474481062467,0.022833474481062467,male,0.7991716068371864,0.0,0.0,0.6002349604209296,S
0.0,0.12875134530141674,female,0.7725080718085005,0.0,0.04291711510047225,0.6203325650852459,C
0.0,0.11388386471122164,male,0.9490322059268469,0.0,0.0,0.29388490514495486,Q
0.0,0.10971371390592886,male,0.9508521871847168,0.03657123796864295,0.0,0.2872378172533155,S
0.0,0.04263045563194875,male,0.8312938848230007,0.0,0.0,0.5541959232153337,S
0.02126096135630045,0.0425219227126009,female,0.9567432610335203,0.0,0.0,0.2870229783100561,S
0.02017411702123116,0.02017411702123116,male,0.8473129148917088,0.0,0.0,0.5303271011956142,S
0.014442975398350339,0.014442975398350339,female,0.31774545876370747,0.0,0.0,0.9479560244854855,S
0.03391420069373622,0.10174260208120867,male,0.8478550173434055,0.03391420069373622,0.03391420069373622,0.5170491209365636,C
0.018170811452407894,0.018170811452407894,female,0.43609947485778944,0.0,0.0,0.8995314843022908,C
0.0,0.020824737220660274,male,0.8329894888264109,0.0,0.0,0.5528967732085303,S
0.014126604895553455,0.014126604895553455,male,0.6780770349865658,0.014126604895553455,0.0,0.7345834545687797,S
0.0,0.09785269942260902,male,0.9459094277518872,0.0,0.0,0.3093221681448094,S
0.0,0.03728722511478314,male,0.9694678529843616,0.0,0.0,0.2423669632460904,S
0.0,0.14492204033115816,male,0.9178395887640017,0.0,0.0,0.36955120284445336,S
0.01318316867638426,0.01318316867638426,female,0.5009604097026019,0.0,0.0,0.8652693661732751,C
0.03441632271428519,0.06883264542857039,female,0.9292407132857002,0.0,0.0,0.36137138849999456,S
0.0,0.10146200360518744,male,0.8455166967098953,0.0,0.0,0.5242203519601351,Q
0.0,0.0881419167694959,male,0.9695610844644549,0.0,0.0,0.22843446762761022,S
0.02973505167250263,0.05947010334500526,female,0.17841031003501578,0.0,0.02973505167250263,0.9812567051925868,S
0.0,0.16064116250842833,male,0.9102999208810939,0.05354705416947611,0.0,0.37773162952231837,S
0.0,0.05486147820484028,male,0.9326451294822847,0.0,0.0,0.3565996083314618,S
0.0,0.03868392354571063,male,0.9670980886427658,0.0,0.0,0.2514455030471191,S
0.01677982259522307,0.01677982259522307,male,0.45305521007102284,0.01677982259522307,0.0,0.891008579806345,S
0.0,0.1363581559112669,male,0.9090543727417794,0.0,0.0,0.3937341751937832,S
0.02716629124620806,0.05433258249241612,female,0.8149887373862418,0.08149887373862418,0.0,0.5704921161703693,S
0.043350654138119844,0.13005196241435954,female,0.9320390639695767,0.0,0.0,0.3354256863937023,Q
0.0,0.05534245329124855,male,0.6917806661406068,0.027671226645624276,0.0,0.7194518927862311,S
0.0,0.11356748852512771,female,0.9463957377093977,0.037855829508375904,0.0,0.30000744885387903,S
0.01393347739279536,0.01393347739279536,female,0.40407084439106544,0.0,0.0,0.9145154285896878,S
0.0,0.1365089439510806,male,0.5005327944872956,0.0,0.0,0.8548872614936424,C
0.0,0.06651901052377393,male,0.9977851578566089,0.0,0.0,0.0,S
0.0,0.07548513560963972,male,0.8680790595108567,0.0,0.0,0.4906533814626582,S
0.0,0.07548513560963972,male,0.8680790595108567,0.0,0.0,0.4906533814626582,S
0.0,0.09126765835578217,male,0.8670427543799306,0.0,0.0,0.48980309984269765,S
0.0,0.050675671157052786,female,0.8108107385128446,0.016891890385684262,0.050675671157052786,0.5806587320078965,S
0.013441449739444607,0.013441449739444607,male,0.47045074088056127,0.0,0.0,0.8822214887786032,C
0.0,0.11368664298662237,male,0.9473886915551865,0.0,0.0,0.29921566523125764,S
0.0,0.11368664298662237,male,0.9473886915551865,0.0,0.0,0.29921566523125764,S
0.019992004796802236,0.019992004796802236,male,0.7996801918720895,0.0,0.0,0.5997601439040671,S
0.0,0.013356058603530722,male,0.48081810972710604,0.013356058603530722,0.0,0.8766168928075768,S
0.014495989833779754,0.014495989833779754,female,0.30441578650937484,0.02899197966755951,0.02899197966755951,0.9514355951462339,C
0.0,0.10319031575435904,male,0.8255225260348723,0.03439677191811968,0.0,0.5537880278817269,S
0.031101444096026727,0.09330433228808017,male,0.9641447669768285,0.0,0.0,0.2464789444610118,S
0.0,0.01041956452296563,male,0.7293695166075941,0.01041956452296563,0.01041956452296563,0.6838818657261353,S
0.0,0.11529404450783809,male,0.6149015707084698,0.038431348169279365,0.038431348169279365,0.7782348004279072,S
0.030513909884867668,0.061027819769735335,female,0.91541729654603,0.0,0.0,0.3966808285032797,S
0.0,0.017725899737380035,male,0.33679209501022067,0.017725899737380035,0.0,0.94124527605488,S
0.0,0.09347370699636348,male,0.9658949722957559,0.0,0.0,0.24147374307393898,Q
0.04256282653793743,0.08512565307587486,female,0.17025130615174972,0.04256282653793743,0.04256282653793743,0.9789450103725609,S
0.07025104943640094,0.2107531483092028,male,0.4215062966184056,0.0,0.07025104943640094,0.8763818417191017,S
0.0,0.08702967129716735,male,0.9573263842688409,0.0,0.0,0.27559395910769663,S
0.0,0.12243942778794893,male,0.9387022797076084,0.0,0.0,0.3222524113093624,S
0.012366429652573195,0.02473285930514639,female,0.5935886233235134,0.012366429652573195,0.02473285930514639,0.8038179274172577,S
0.06777536774110136,0.13555073548220273,male,0.04540949638653791,0.06777536774110136,0.06777536774110136,0.9827428322459698,S
0.0,0.10267144293659684,male,0.9582668007415704,0.0,0.0,0.2668020116150405,S
0.0,0.09322515134350869,male,0.8390263620915781,0.0,0.0,0.536044620225175,S
0.0,0.08554676063597784,male,0.9695299538744155,0.0,0.0,0.22955047437320725,S
0.013609694775500641,0.013609694775500641,female,0.4491199275915212,0.0,0.0,0.8932641507731194,S
0.0,0.10324896814285558,male,0.8604080678571299,0.0,0.0,0.4990366793571353,S
0.0,0.07190367763697797,male,0.9826835943720322,0.0,0.0,0.17077123438782268,S
0.046511057771938126,0.13953317331581438,male,0.9302211554387626,0.0,0.0,0.3362377388448951,C
0.013350106307011547,0.013350106307011547,female,0.48060382705241567,0.013350106307011547,0.026700212614023094,0.8762262173969186,S
0.0,0.16629481172617297,male,0.8869056625395891,0.0,0.0,0.4309807203903316,S
0.012028239837838742,0.012028239837838742,female,0.6134402317297759,0.012028239837838742,0.0,0.7894663048126431,S
0.0,0.01776347450934879,male,0.7105389803739517,0.0,0.0,0.7034335905702122,C
0.0,0.09490095761810216,female,0.9648264024507053,0.0,0.0,0.24516080718009725,Q
0.0,0.08595238787618825,male,0.7162698989682353,0.028650795958729415,0.0,0.6919167224033154,Q
0.0,0.09033311842641281,male,0.9635532632150701,0.0,0.0,0.25180356761362577,S
0.0,0.11544867643260674,male,0.9235894114608539,0.0,0.0,0.3655874753699213,S
0.0,0.06156273902616472,male,0.9850038244186355,0.0,0.0,0.16117535495310098,S
0.0,0.034486603209602916,female,0.9828681914736831,0.0,0.0,0.1810546668504153,S
0.0,0.11452378687274918,male,0.9543648906062432,0.0,0.0,0.27581145338520424,C
0.017000510022951148,0.034001020045902296,female,0.918027541239362,0.017000510022951148,0.05100153006885345,0.3910117305278764,S
0.0,0.1513179498902096,male,0.9079076993412577,0.0,0.0,0.3909047038830415,S
0.0,0.11387331523477047,male,0.9489442936230872,0.0,0.0,0.29417273102315705,Q
0.07242847809890215,0.21728543429670646,female,0.36214239049451075,0.0,0.0,0.9035452642838043,S
0.0,0.11388919980925762,male,0.9490766650771468,0.0,0.0,0.2937392278413769,Q
0.012741309616244836,0.012741309616244836,female,0.547876313498528,0.0,0.012741309616244836,0.83626821187646,S
0.06575798367365349,0.19727395102096046,female,0.8548537877574953,0.0,0.0,0.4753776155735758,C
0.016804942724441503,0.016804942724441503,female,0.28568402631550555,0.016804942724441503,0.0,0.9578817352931657,S
0.0,0.02395939925913801,male,0.6948225785150023,0.0,0.0,0.7187819777741402,S
0.0,0.0870057859683959,male,0.7250482164032992,0.029001928656131968,0.058003857312263936,0.6800952269862947,S
0.0,0.11473282068266884,male,0.9561068390222403,0.0,0.0,0.26962212860427176,S
0.0,0.11449360115926935,male,0.9541133429939113,0.0,0.0,0.2766928694682343,S
0.05062483168521206,0.1518744950556362,female,0.9112469703338171,0.0,0.0,0.3794736133460126,S
0.0,0.09793960586730013,male,0.2611722823128003,0.13058614115640016,0.03264653528910004,0.9508303402950388,Q
0.04770943361830253,0.14312830085490758,male,0.04770943361830253,0.04770943361830253,0.09541886723660506,0.9816215966965744,S
0.0,0.01247577911236229,male,0.5738858391686654,0.0,0.0,0.8188402765724315,C
0.0,0.11387331523477047,male,0.9489442936230872,0.0,0.0,0.29417273102315705,Q
0.0,0.06537204504606134,male,0.5229763603684907,0.0,0.0,0.8498365855987974,S
0.0,0.04309026539422339,female,0.308813568658601,0.11490737438459571,0.028726843596148927,0.9427345716635386,S
0.0,0.01982928243161647,male,0.7931712972646586,0.0,0.0,0.6086756876644127,C
0.0,0.11368664298662237,male,0.9473886915551865,0.0,0.0,0.29921566523125764,S
0.0,0.048592953074986255,male,0.947562584962232,0.0,0.0,0.31585419498741063,S
0.01803244443853129,0.01803244443853129,female,0.8835897774880331,0.0,0.0,0.4675668583355655,S
0.03091371487467875,0.09274114462403625,female,0.9583251611150413,0.0,0.0,0.268433060371298,S
0.0,0.09676103792996255,male,0.9676103792996255,0.0,0.0,0.23316829846776174,C
0.0,0.07760927364810803,female,0.7760927364810802,0.025869757882702675,0.025869757882702675,0.6247546528672696,S
0.0,0.05486147820484028,male,0.9326451294822847,0.0,0.0,0.3565996083314618,S
0.02456577984352081,0.04913155968704162,female,0.7615391751491452,0.02456577984352081,0.02456577984352081,0.6448517208924213,S
0.015014482791234227,0.015014482791234227,male,0.1651593107035765,0.015014482791234227,0.030028965582468453,0.9854665693129837,S
0.10929739910240267,0.32789219730720803,male,0.04590490762300912,0.0,0.10929739910240267,0.9308531589354329,C
0.03563142480943376,0.10689427442830128,male,0.9620484698547116,0.0,0.0,0.24852918804580046,S
0.0,0.09345610164075072,male,0.9657130502877574,0.0,0.0,0.24220706341894563,S
0.0,0.0256326007925508,male,0.9996714309094813,0.0,0.0,0.0,S
0.0,0.1512432965963172,female,0.9074597795779031,0.0,0.0,0.3919722103454554,S
0.0,0.048592953074986255,male,0.947562584962232,0.0,0.0,0.31585419498741063,S
0.01598903400403621,0.01598903400403621,female,0.5276381221331949,0.01598903400403621,0.0,0.8490177056143229,S
0.0,0.1097486394586821,male,0.9511548753085782,0.0,0.0,0.28854746457678504,S
0.0,0.06526023625393605,male,0.8483830713011687,0.0,0.0,0.5253449018441853,S
0.0,0.05465113277174609,male,0.9563948235055566,0.0,0.0,0.28691844705166697,S
0.0,0.09288657460156909,female,0.18577314920313817,0.12384876613542545,0.061924383067712724,0.9683425402213577,S
0.0,0.09467668513549066,male,0.9625462988774883,0.0,0.0,0.2540491051135666,S
0.0,0.02499219116020307,male,0.9996876464081228,0.0,0.0,0.0,S
0.0,0.12239234609126044,female,0.9383413200329966,0.0,0.0,0.323319780924413,S
0.0,0.04137754176699615,male,0.6413518973884403,0.020688770883498075,0.020688770883498075,0.7655714155271395,C
0.0,0.06883192071897683,male,0.9865908636386679,0.0,0.0,0.14798862954580017,S
0.0,0.09997723000167638,male,0.33325743333892127,0.09997723000167638,0.06665148666778425,0.9297882390155903,S
0.011938756520029861,0.011938756520029861,female,0.6208153390415528,0.011938756520029861,0.011938756520029861,0.783593120938248,S
0.035049144260610135,0.10514743278183039,male,0.9463268950364736,0.0,0.0,0.30361321215753523,S
0.0,0.02630668208823282,male,0.9996539193528472,0.0,0.0,0.0,S
0.03341463677456376,0.10024391032369127,female,0.9021951929132215,0.0,0.03341463677456376,0.4168475937626829,S
0.0,0.07488080841757154,male,0.04992053894504769,0.09984107789009539,0.024960269472523847,0.9906106946907901,S
0.0,0.11485046911372082,male,0.9570872426143402,0.0,0.0,0.2660702534467866,Q
0.0,0.04850220898601973,male,0.4041850748834977,0.0,0.0,0.9133903661441245,S
0.02692581942073556,0.05385163884147112,male,0.02692581942073556,0.0,0.05385163884147112,0.9963684070087828,C
0.03793045662274246,0.11379136986822738,male,0.9482614155685615,0.0,0.0,0.2939610388262541,Q
0.011074343485450775,0.011074343485450775,female,0.6866092960979481,0.0,0.0,0.7268578900614704,S
0.047408600314710475,0.14222580094413143,female,0.7111290047206571,0.047408600314710475,0.0,0.6852533906688881,C
0.05275951145275666,0.10551902290551332,male,0.043790394505788026,0.05275951145275666,0.05275951145275666,0.9892408397391874,S
0.0,0.11451872129331368,male,0.9543226774442807,0.0,0.0,0.27595957999120774,C
0.0,0.1225062961859962,male,0.939214937425971,0.0,0.0,0.32072965050135044,S
0.0,0.14964687589198616,male,0.897881255351917,0.0,0.0,0.41402302330116175,S
0.01309358841753641,0.01309358841753641,female,0.51064994828392,0.01309358841753641,0.01309358841753641,0.8593898196319517,C
0.0,0.13092588295991447,male,0.9164811807194013,0.0,0.0,0.37804848704675303,S
0.0,0.1134864549035149,male,0.9457204575292908,0.0,0.0,0.3045219873244317,S
0.015383203803511051,0.04614961141053315,male,0.49226252171235363,0.0,0.0,0.8690864054423997,S
0.020063945373649243,0.020063945373649243,male,0.8025578149459698,0.0,0.0,0.5958991775973825,C
0.0,0.13811463420643166,male,0.9207642280428777,0.0,0.0,0.3648528253619903,S
0.0,0.1039399400669486,male,0.8315195205355888,0.0,0.0,0.5456846853514801,S
0.023168268228563865,0.023168268228563865,female,0.6950480468569159,0.0,0.0,0.7182163150854798,C
0.0,0.08517053351094088,male,0.9794611353758201,0.0,0.0,0.18276176982556064,C
0.0,0.15532601139398594,male,0.880180731232587,0.0,0.0,0.44850385790013436,S
0.0,0.07012863942976791,male,0.9818009520167507,0.0,0.0,0.17649040923158257,S
0.0,0.04238457502105199,male,0.3532047918420999,0.11302553338947198,0.028256383347367995,0.927295383587245,S
0.0,0.08332228686632395,male,0.9720933467737795,0.0,0.0,0.21929870421304024,C
0.0,0.04615111539940458,male,0.6461156155916641,0.0,0.02307555769970229,0.7614934040901755,S
0.013440235653314321,0.013440235653314321,female,0.4704082478660013,0.013440235653314321,0.0,0.8821418029638934,C
0.0,0.09379005136223352,male,0.12505340181631136,0.12505340181631136,0.06252670090815568,0.9777612854512844,S
0.0,0.04028587801011615,male,0.9937183242495317,0.0,0.0,0.1044075671762177,S
0.0,0.16655504596740692,female,0.4996651379022207,0.0555183486558023,0.0555183486558023,0.8464216399366307,C
0.023496199092341397,0.023496199092341397,female,0.37593918547746236,0.0,0.023496199092341397,0.925750244238251,S
0.0,0.039095622659315744,female,0.8601036985049464,0.019547811329657872,0.0,0.5082430945711046,S
0.04865488817628123,0.14596466452884369,female,0.8757879871730622,0.0,0.04865488817628123,0.4549232044482295,S
0.012562105840812668,0.012562105840812668,female,0.5652947628365701,0.012562105840812668,0.012562105840812668,0.824506279598235,S
0.017386959794053605,0.017386959794053605,male,0.8867349494967338,0.0,0.0,0.46162378253212316,S
0.03217643591168907,0.09652930773506721,female,0.7722344618805377,0.0,0.09652930773506721,0.6196634557180816,C
0.0,0.11451872129331368,male,0.9543226774442807,0.0,0.0,0.27595957999120774,C
0.0,0.06895105026363053,male,0.9423310202696173,0.04596736684242036,0.0,0.3242607008114596,S
0.0,0.08317104820690738,male,0.8732960061725275,0.04158552410345369,0.0,0.4782335271897174,S
0.01832373794989247,0.01832373794989247,female,0.8795394215948386,0.0,0.0,0.47511986605035184,S
0.0,0.04309026539422339,female,0.308813568658601,0.11490737438459571,0.028726843596148927,0.9427345716635386,S
0.0,0.07307840952418695,male,0.8769409142902436,0.0,0.0,0.4750096619072153,S
0.02271554252121273,0.04543108504242546,female,0.9540527858909348,0.0,0.0,0.29530205277576554,S
0.03284337962828456,0.06568675925656912,female,0.8867712499636831,0.03284337962828456,0.0,0.4551534079026559,C
0.0,0.016874601141020535,male,0.5231126353716365,0.0,0.0,0.8520964842967448,S
0.0,0.11147487724513268,male,0.9289573103761056,0.0,0.0,0.35300377794292015,S
0.08112395596242311,0.24337186788726933,male,0.32449582384969244,0.08112395596242311,0.08112395596242311,0.9031773389164452,S
0.0,0.10973902015284367,male,0.9510715079913118,0.0,0.0,0.2888257851076077,S
0.014177703983361082,0.014177703983361082,female,0.6663520872179708,0.014177703983361082,0.014177703983361082,0.745097890682355,S
0.0,0.02994763741177399,male,0.9882720345885417,0.0,0.0,0.14973818705886996,S
0.0,0.06256792741924412,male,0.9802308629014912,0.0,0.0,0.18770378225773235,S
0.027056689037447044,0.05411337807489409,female,0.7575872930485172,0.027056689037447044,0.0,0.6493605368987291,C
0.05900751285380972,0.17702253856142916,female,0.8851126928071459,0.0,0.0,0.4263292803687752,C
0.0,0.13337420444543616,male,0.8891613629695744,0.0,0.0,0.43772524737629176,S
0.0,0.14428019098607647,male,0.9137745429118177,0.0,0.0,0.3797358439959543,S
0.0,0.11368664298662237,male,0.9473886915551865,0.0,0.0,0.29921566523125764,S
0.011588119993929056,0.011588119993929056,female,0.6489347196600271,0.0,0.011588119993929056,0.7605793029295372,C
0.027660638840895514,0.05532127768179103,female,0.6915159710223878,0.0,0.027660638840895514,0.7191766098632834,S
0.0,0.0880699882362468,male,0.9687698705987148,0.0,0.0,0.2317943377052525,S
0.0,0.12210860984450791,female,0.8954631388597247,0.0,0.0,0.42805987238391213,S
0.0,0.06673157615650746,male,0.9342420661911045,0.0,0.0,0.3503407748216642,S
0.0,0.11473282068266884,male,0.9561068390222403,0.0,0.0,0.26962212860427176,S
0.0,0.0611956239808963,female,0.7955431117516519,0.0,0.10199270663482717,0.5941075161478683,Q
0.0,0.06659271582120269,male,0.8990016635862362,0.0,0.0,0.43285265283781743,S
0.028138330394167636,0.028138330394167636,female,0.5346282774891851,0.0,0.0,0.8441499118250291,S
0.0,0.09365162144003547,female,0.6711699536535874,0.03121720714667849,0.06243441429335698,0.7320435075896106,S
0.025173668017796205,0.025173668017796205,male,0.6545153684627013,0.0,0.0,0.7552100405338862,C
0.0,0.09073999628961643,male,0.9678932937559086,0.0,0.0,0.2344116570815091,Q
